case_folder,feature,domain,ai_label,is_fabricated,laplacian_var_mean,laplacian_var_min,laplacian_var_max,laplacian_var_std,tenengrad_mean,tenengrad_min,tenengrad_max,tenengrad_std,rms_contrast_mean,rms_contrast_min,rms_contrast_max,rms_contrast_std,intensity_spread_p95_p5_mean,intensity_spread_p95_p5_min,intensity_spread_p95_p5_max,intensity_spread_p95_p5_std,mean_brightness_mean,mean_brightness_min,mean_brightness_max,mean_brightness_std,skew_angle_deg_mean,skew_angle_deg_min,skew_angle_deg_max,skew_angle_deg_std,is_blurry_mean,is_low_contrast_mean
AB_NP_DCIS,lesion_size,radiology,1,False,386.59002331986534,192.0447493872054,583.9079467744108,115.63399922403784,12.537967133202274,5.970574954349319,19.196790694100734,3.912269662736104,63.486092669020145,48.61916702360546,74.79859172906662,7.1456928708457195,217.58333333333334,20.0,255.0,82.16110375169609,235.80929471829404,227.5010484511785,244.39248529292928,4.567175994234793,-0.6666685740152994,-6.0,4.0,3.084664597107982,0.0,0.0
AB_NP_DCIS,laterality,radiology,1,False,386.59002331986534,192.0447493872054,583.9079467744108,115.63399922403784,12.537967133202274,5.970574954349319,19.196790694100734,3.912269662736104,63.486092669020145,48.61916702360546,74.79859172906662,7.1456928708457195,217.58333333333334,20.0,255.0,82.16110375169609,235.80929471829404,227.5010484511785,244.39248529292928,4.567175994234793,-0.6666685740152994,-6.0,4.0,3.084664597107982,0.0,0.0
AB_NP_DCIS,lesion_location,radiology,1,False,386.59002331986534,192.0447493872054,583.9079467744108,115.63399922403784,12.537967133202274,5.970574954349319,19.196790694100734,3.912269662736104,63.486092669020145,48.61916702360546,74.79859172906662,7.1456928708457195,217.58333333333334,20.0,255.0,82.16110375169609,235.80929471829404,227.5010484511785,244.39248529292928,4.567175994234793,-0.6666685740152994,-6.0,4.0,3.084664597107982,0.0,0.0
AB_NP_DCIS,calcifications_asymmetry,radiology,1,False,386.59002331986534,192.0447493872054,583.9079467744108,115.63399922403784,12.537967133202274,5.970574954349319,19.196790694100734,3.912269662736104,63.486092669020145,48.61916702360546,74.79859172906662,7.1456928708457195,217.58333333333334,20.0,255.0,82.16110375169609,235.80929471829404,227.5010484511785,244.39248529292928,4.567175994234793,-0.6666685740152994,-6.0,4.0,3.084664597107982,0.0,0.0
AB_NP_DCIS,additional_enhancement_mri,radiology,1,False,386.59002331986534,192.0447493872054,583.9079467744108,115.63399922403784,12.537967133202274,5.970574954349319,19.196790694100734,3.912269662736104,63.486092669020145,48.61916702360546,74.79859172906662,7.1456928708457195,217.58333333333334,20.0,255.0,82.16110375169609,235.80929471829404,227.5010484511785,244.39248529292928,4.567175994234793,-0.6666685740152994,-6.0,4.0,3.084664597107982,0.0,0.0
AB_NP_DCIS,accurate_clip_placement,radiology,3,True,386.59002331986534,192.0447493872054,583.9079467744108,115.63399922403784,12.537967133202274,5.970574954349319,19.196790694100734,3.912269662736104,63.486092669020145,48.61916702360546,74.79859172906662,7.1456928708457195,217.58333333333334,20.0,255.0,82.16110375169609,235.80929471829404,227.5010484511785,244.39248529292928,4.567175994234793,-0.6666685740152994,-6.0,4.0,3.084664597107982,0.0,0.0
AB_NP_DCIS,workup_recommendation,radiology,1,False,386.59002331986534,192.0447493872054,583.9079467744108,115.63399922403784,12.537967133202274,5.970574954349319,19.196790694100734,3.912269662736104,63.486092669020145,48.61916702360546,74.79859172906662,7.1456928708457195,217.58333333333334,20.0,255.0,82.16110375169609,235.80929471829404,227.5010484511785,244.39248529292928,4.567175994234793,-0.6666685740152994,-6.0,4.0,3.084664597107982,0.0,0.0
AB_NP_DCIS,lymph_node,radiology,1,False,386.59002331986534,192.0447493872054,583.9079467744108,115.63399922403784,12.537967133202274,5.970574954349319,19.196790694100734,3.912269662736104,63.486092669020145,48.61916702360546,74.79859172906662,7.1456928708457195,217.58333333333334,20.0,255.0,82.16110375169609,235.80929471829404,227.5010484511785,244.39248529292928,4.567175994234793,-0.6666685740152994,-6.0,4.0,3.084664597107982,0.0,0.0
AB_NP_DCIS,chronology_preserved,radiology,1,False,386.59002331986534,192.0447493872054,583.9079467744108,115.63399922403784,12.537967133202274,5.970574954349319,19.196790694100734,3.912269662736104,63.486092669020145,48.61916702360546,74.79859172906662,7.1456928708457195,217.58333333333334,20.0,255.0,82.16110375169609,235.80929471829404,227.5010484511785,244.39248529292928,4.567175994234793,-0.6666685740152994,-6.0,4.0,3.084664597107982,0.0,0.0
AB_NP_DCIS,biopsy_method,pathology,1,False,328.44189196497933,47.37299603850268,598.8499244081283,166.33242195540353,9.581539192395397,1.1896625224379072,16.117160390177897,4.763318310738664,51.71686128385026,23.342724698815417,73.47623079255337,16.526842325545605,142.4,0.0,255.0,113.5441177105475,241.20447391461715,229.22896976630668,252.63248454502673,7.590150188692773,-0.40000228881835936,-3.0000076293945312,3.0,1.6465466462580138,0.1,0.1
AB_NP_DCIS,histologic_diagnosis,pathology,1,False,328.44189196497933,47.37299603850268,598.8499244081283,166.33242195540353,9.581539192395397,1.1896625224379072,16.117160390177897,4.763318310738664,51.71686128385026,23.342724698815417,73.47623079255337,16.526842325545605,142.4,0.0,255.0,113.5441177105475,241.20447391461715,229.22896976630668,252.63248454502673,7.590150188692773,-0.40000228881835936,-3.0000076293945312,3.0,1.6465466462580138,0.1,0.1
AB_NP_DCIS,receptor_status,pathology,1,False,328.44189196497933,47.37299603850268,598.8499244081283,166.33242195540353,9.581539192395397,1.1896625224379072,16.117160390177897,4.763318310738664,51.71686128385026,23.342724698815417,73.47623079255337,16.526842325545605,142.4,0.0,255.0,113.5441177105475,241.20447391461715,229.22896976630668,252.63248454502673,7.590150188692773,-0.40000228881835936,-3.0000076293945312,3.0,1.6465466462580138,0.1,0.1
DC_BF_invasive,lesion_size,radiology,1,False,344.4442075296019,36.98147804406417,515.2955169129411,138.01566758196245,9.093443991538615,0.845542228926473,13.323689351018094,3.5157926745712325,53.01696750025069,23.358211320490515,66.86195949470586,11.367904129892153,167.72222222222223,0.0,255.0,96.3393545848739,241.32481974303033,233.80636200385027,252.74764032684493,4.862631938047092,-0.6111140780978732,-5.000007629394531,4.0,2.3298302113524416,0.05555555555555555,0.05555555555555555
DC_BF_invasive,laterality,radiology,1,False,344.4442075296019,36.98147804406417,515.2955169129411,138.01566758196245,9.093443991538615,0.845542228926473,13.323689351018094,3.5157926745712325,53.01696750025069,23.358211320490515,66.86195949470586,11.367904129892153,167.72222222222223,0.0,255.0,96.3393545848739,241.32481974303033,233.80636200385027,252.74764032684493,4.862631938047092,-0.6111140780978732,-5.000007629394531,4.0,2.3298302113524416,0.05555555555555555,0.05555555555555555
DC_BF_invasive,lesion_location,radiology,1,False,344.4442075296019,36.98147804406417,515.2955169129411,138.01566758196245,9.093443991538615,0.845542228926473,13.323689351018094,3.5157926745712325,53.01696750025069,23.358211320490515,66.86195949470586,11.367904129892153,167.72222222222223,0.0,255.0,96.3393545848739,241.32481974303033,233.80636200385027,252.74764032684493,4.862631938047092,-0.6111140780978732,-5.000007629394531,4.0,2.3298302113524416,0.05555555555555555,0.05555555555555555
DC_BF_invasive,extent,radiology,1,False,344.4442075296019,36.98147804406417,515.2955169129411,138.01566758196245,9.093443991538615,0.845542228926473,13.323689351018094,3.5157926745712325,53.01696750025069,23.358211320490515,66.86195949470586,11.367904129892153,167.72222222222223,0.0,255.0,96.3393545848739,241.32481974303033,233.80636200385027,252.74764032684493,4.862631938047092,-0.6111140780978732,-5.000007629394531,4.0,2.3298302113524416,0.05555555555555555,0.05555555555555555
DC_BF_invasive,accurate_clip_placement,radiology,1,False,344.4442075296019,36.98147804406417,515.2955169129411,138.01566758196245,9.093443991538615,0.845542228926473,13.323689351018094,3.5157926745712325,53.01696750025069,23.358211320490515,66.86195949470586,11.367904129892153,167.72222222222223,0.0,255.0,96.3393545848739,241.32481974303033,233.80636200385027,252.74764032684493,4.862631938047092,-0.6111140780978732,-5.000007629394531,4.0,2.3298302113524416,0.05555555555555555,0.05555555555555555
DC_BF_invasive,chronology_preserved,radiology,1,False,344.4442075296019,36.98147804406417,515.2955169129411,138.01566758196245,9.093443991538615,0.845542228926473,13.323689351018094,3.5157926745712325,53.01696750025069,23.358211320490515,66.86195949470586,11.367904129892153,167.72222222222223,0.0,255.0,96.3393545848739,241.32481974303033,233.80636200385027,252.74764032684493,4.862631938047092,-0.6111140780978732,-5.000007629394531,4.0,2.3298302113524416,0.05555555555555555,0.05555555555555555
DC_BF_invasive,biopsy_method,pathology,1,False,519.8755424650267,320.7670075961497,786.6511329060962,240.20018185112,14.020928838400735,8.400209397255717,20.84208246048414,6.307204848222876,54.88286943470007,47.33444532354593,65.08258166977296,9.166301461226922,139.66666666666666,39.0,252.0,106.97819092382022,239.6279790111943,233.8634139995722,244.6468905137968,5.430270785130632,0.33333079020182294,0.0,0.9999923706054688,0.5773458643566394,0.0,0.0
DC_BF_invasive,invasive_component_size,pathology,1,False,519.8755424650267,320.7670075961497,786.6511329060962,240.20018185112,14.020928838400735,8.400209397255717,20.84208246048414,6.307204848222876,54.88286943470007,47.33444532354593,65.08258166977296,9.166301461226922,139.66666666666666,39.0,252.0,106.97819092382022,239.6279790111943,233.8634139995722,244.6468905137968,5.430270785130632,0.33333079020182294,0.0,0.9999923706054688,0.5773458643566394,0.0,0.0
DC_BF_invasive,histologic_diagnosis,pathology,3,True,519.8755424650267,320.7670075961497,786.6511329060962,240.20018185112,14.020928838400735,8.400209397255717,20.84208246048414,6.307204848222876,54.88286943470007,47.33444532354593,65.08258166977296,9.166301461226922,139.66666666666666,39.0,252.0,106.97819092382022,239.6279790111943,233.8634139995722,244.6468905137968,5.430270785130632,0.33333079020182294,0.0,0.9999923706054688,0.5773458643566394,0.0,0.0
DC_BF_invasive,receptor_status,pathology,1,False,519.8755424650267,320.7670075961497,786.6511329060962,240.20018185112,14.020928838400735,8.400209397255717,20.84208246048414,6.307204848222876,54.88286943470007,47.33444532354593,65.08258166977296,9.166301461226922,139.66666666666666,39.0,252.0,106.97819092382022,239.6279790111943,233.8634139995722,244.6468905137968,5.430270785130632,0.33333079020182294,0.0,0.9999923706054688,0.5773458643566394,0.0,0.0
MET_MW,lesion_size,radiology,1,False,403.2560534314439,126.73198860320856,704.5609453929412,204.11737118568058,10.479415985095514,3.366992316509774,17.873786871948624,5.2389164339620375,52.51474129736324,33.160845830756706,66.1713661472476,11.630435455280509,139.75,0.0,254.0,110.96610866713888,241.27461642894832,234.37575660834224,250.1224392693048,5.715793967854398,-0.5833365122477213,-4.0,0.9999923706054688,1.621353325847749,0.0,0.0
MET_MW,laterality,radiology,1,False,403.2560534314439,126.73198860320856,704.5609453929412,204.11737118568058,10.479415985095514,3.366992316509774,17.873786871948624,5.2389164339620375,52.51474129736324,33.160845830756706,66.1713661472476,11.630435455280509,139.75,0.0,254.0,110.96610866713888,241.27461642894832,234.37575660834224,250.1224392693048,5.715793967854398,-0.5833365122477213,-4.0,0.9999923706054688,1.621353325847749,0.0,0.0
MET_MW,lesion_location,radiology,1,False,403.2560534314439,126.73198860320856,704.5609453929412,204.11737118568058,10.479415985095514,3.366992316509774,17.873786871948624,5.2389164339620375,52.51474129736324,33.160845830756706,66.1713661472476,11.630435455280509,139.75,0.0,254.0,110.96610866713888,241.27461642894832,234.37575660834224,250.1224392693048,5.715793967854398,-0.5833365122477213,-4.0,0.9999923706054688,1.621353325847749,0.0,0.0
MET_MW,calcifications_asymmetry,radiology,1,False,403.2560534314439,126.73198860320856,704.5609453929412,204.11737118568058,10.479415985095514,3.366992316509774,17.873786871948624,5.2389164339620375,52.51474129736324,33.160845830756706,66.1713661472476,11.630435455280509,139.75,0.0,254.0,110.96610866713888,241.27461642894832,234.37575660834224,250.1224392693048,5.715793967854398,-0.5833365122477213,-4.0,0.9999923706054688,1.621353325847749,0.0,0.0
MET_MW,additional_enhancement_mri,radiology,1,False,403.2560534314439,126.73198860320856,704.5609453929412,204.11737118568058,10.479415985095514,3.366992316509774,17.873786871948624,5.2389164339620375,52.51474129736324,33.160845830756706,66.1713661472476,11.630435455280509,139.75,0.0,254.0,110.96610866713888,241.27461642894832,234.37575660834224,250.1224392693048,5.715793967854398,-0.5833365122477213,-4.0,0.9999923706054688,1.621353325847749,0.0,0.0
MET_MW,extent,radiology,1,False,403.2560534314439,126.73198860320856,704.5609453929412,204.11737118568058,10.479415985095514,3.366992316509774,17.873786871948624,5.2389164339620375,52.51474129736324,33.160845830756706,66.1713661472476,11.630435455280509,139.75,0.0,254.0,110.96610866713888,241.27461642894832,234.37575660834224,250.1224392693048,5.715793967854398,-0.5833365122477213,-4.0,0.9999923706054688,1.621353325847749,0.0,0.0
MET_MW,accurate_clip_placement,radiology,1,False,403.2560534314439,126.73198860320856,704.5609453929412,204.11737118568058,10.479415985095514,3.366992316509774,17.873786871948624,5.2389164339620375,52.51474129736324,33.160845830756706,66.1713661472476,11.630435455280509,139.75,0.0,254.0,110.96610866713888,241.27461642894832,234.37575660834224,250.1224392693048,5.715793967854398,-0.5833365122477213,-4.0,0.9999923706054688,1.621353325847749,0.0,0.0
MET_MW,workup_recommendation,radiology,3,True,403.2560534314439,126.73198860320856,704.5609453929412,204.11737118568058,10.479415985095514,3.366992316509774,17.873786871948624,5.2389164339620375,52.51474129736324,33.160845830756706,66.1713661472476,11.630435455280509,139.75,0.0,254.0,110.96610866713888,241.27461642894832,234.37575660834224,250.1224392693048,5.715793967854398,-0.5833365122477213,-4.0,0.9999923706054688,1.621353325847749,0.0,0.0
MET_MW,lymph_node,radiology,1,False,403.2560534314439,126.73198860320856,704.5609453929412,204.11737118568058,10.479415985095514,3.366992316509774,17.873786871948624,5.2389164339620375,52.51474129736324,33.160845830756706,66.1713661472476,11.630435455280509,139.75,0.0,254.0,110.96610866713888,241.27461642894832,234.37575660834224,250.1224392693048,5.715793967854398,-0.5833365122477213,-4.0,0.9999923706054688,1.621353325847749,0.0,0.0
MET_MW,chronology_preserved,radiology,1,False,403.2560534314439,126.73198860320856,704.5609453929412,204.11737118568058,10.479415985095514,3.366992316509774,17.873786871948624,5.2389164339620375,52.51474129736324,33.160845830756706,66.1713661472476,11.630435455280509,139.75,0.0,254.0,110.96610866713888,241.27461642894832,234.37575660834224,250.1224392693048,5.715793967854398,-0.5833365122477213,-4.0,0.9999923706054688,1.621353325847749,0.0,0.0
MET_MW,biopsy_method,pathology,1,False,338.62797824,90.86067235593583,474.4055199897326,154.63720430293748,8.626758684940045,2.6966522249115386,11.84229880714969,3.6524806528296114,42.18163516011366,31.414625282010345,51.45252179891746,7.377110215043937,27.4,6.0,74.0,26.940675566882135,246.32492921702675,242.8626502160428,249.54426125005347,2.49544121860996,-0.4000030517578125,-2.0000076293945312,0.9999923706054688,1.1401757596778295,0.0,0.0
MET_MW,histologic_diagnosis,pathology,1,False,338.62797824,90.86067235593583,474.4055199897326,154.63720430293748,8.626758684940045,2.6966522249115386,11.84229880714969,3.6524806528296114,42.18163516011366,31.414625282010345,51.45252179891746,7.377110215043937,27.4,6.0,74.0,26.940675566882135,246.32492921702675,242.8626502160428,249.54426125005347,2.49544121860996,-0.4000030517578125,-2.0000076293945312,0.9999923706054688,1.1401757596778295,0.0,0.0
MET_MW,receptor_status,pathology,1,False,338.62797824,90.86067235593583,474.4055199897326,154.63720430293748,8.626758684940045,2.6966522249115386,11.84229880714969,3.6524806528296114,42.18163516011366,31.414625282010345,51.45252179891746,7.377110215043937,27.4,6.0,74.0,26.940675566882135,246.32492921702675,242.8626502160428,249.54426125005347,2.49544121860996,-0.4000030517578125,-2.0000076293945312,0.9999923706054688,1.1401757596778295,0.0,0.0
MET_MM,lesion_size,radiology,1,False,364.4234205665882,59.71869882181818,782.5747535948664,225.82463838518265,10.731724685168054,1.5147350986780193,19.880273682787756,5.7712378101407245,56.25859332043181,21.888385407172848,103.00630072988316,21.83676864527127,146.33333333333334,0.0,255.0,112.14701235856612,235.86703504199644,185.18011235251336,252.93921456598932,17.7530582984234,-1.1333353678385416,-6.0,1.9999923706054688,2.199566429320384,0.06666666666666667,0.06666666666666667
MET_MM,laterality,radiology,1,False,364.4234205665882,59.71869882181818,782.5747535948664,225.82463838518265,10.731724685168054,1.5147350986780193,19.880273682787756,5.7712378101407245,56.25859332043181,21.888385407172848,103.00630072988316,21.83676864527127,146.33333333333334,0.0,255.0,112.14701235856612,235.86703504199644,185.18011235251336,252.93921456598932,17.7530582984234,-1.1333353678385416,-6.0,1.9999923706054688,2.199566429320384,0.06666666666666667,0.06666666666666667
MET_MM,lesion_location,radiology,1,False,364.4234205665882,59.71869882181818,782.5747535948664,225.82463838518265,10.731724685168054,1.5147350986780193,19.880273682787756,5.7712378101407245,56.25859332043181,21.888385407172848,103.00630072988316,21.83676864527127,146.33333333333334,0.0,255.0,112.14701235856612,235.86703504199644,185.18011235251336,252.93921456598932,17.7530582984234,-1.1333353678385416,-6.0,1.9999923706054688,2.199566429320384,0.06666666666666667,0.06666666666666667
MET_MM,calcifications_asymmetry,radiology,1,False,364.4234205665882,59.71869882181818,782.5747535948664,225.82463838518265,10.731724685168054,1.5147350986780193,19.880273682787756,5.7712378101407245,56.25859332043181,21.888385407172848,103.00630072988316,21.83676864527127,146.33333333333334,0.0,255.0,112.14701235856612,235.86703504199644,185.18011235251336,252.93921456598932,17.7530582984234,-1.1333353678385416,-6.0,1.9999923706054688,2.199566429320384,0.06666666666666667,0.06666666666666667
MET_MM,extent,radiology,3,True,364.4234205665882,59.71869882181818,782.5747535948664,225.82463838518265,10.731724685168054,1.5147350986780193,19.880273682787756,5.7712378101407245,56.25859332043181,21.888385407172848,103.00630072988316,21.83676864527127,146.33333333333334,0.0,255.0,112.14701235856612,235.86703504199644,185.18011235251336,252.93921456598932,17.7530582984234,-1.1333353678385416,-6.0,1.9999923706054688,2.199566429320384,0.06666666666666667,0.06666666666666667
MET_MM,accurate_clip_placement,radiology,1,False,364.4234205665882,59.71869882181818,782.5747535948664,225.82463838518265,10.731724685168054,1.5147350986780193,19.880273682787756,5.7712378101407245,56.25859332043181,21.888385407172848,103.00630072988316,21.83676864527127,146.33333333333334,0.0,255.0,112.14701235856612,235.86703504199644,185.18011235251336,252.93921456598932,17.7530582984234,-1.1333353678385416,-6.0,1.9999923706054688,2.199566429320384,0.06666666666666667,0.06666666666666667
MET_MM,workup_recommendation,radiology,1,False,364.4234205665882,59.71869882181818,782.5747535948664,225.82463838518265,10.731724685168054,1.5147350986780193,19.880273682787756,5.7712378101407245,56.25859332043181,21.888385407172848,103.00630072988316,21.83676864527127,146.33333333333334,0.0,255.0,112.14701235856612,235.86703504199644,185.18011235251336,252.93921456598932,17.7530582984234,-1.1333353678385416,-6.0,1.9999923706054688,2.199566429320384,0.06666666666666667,0.06666666666666667
MET_MM,lymph_node,radiology,1,False,364.4234205665882,59.71869882181818,782.5747535948664,225.82463838518265,10.731724685168054,1.5147350986780193,19.880273682787756,5.7712378101407245,56.25859332043181,21.888385407172848,103.00630072988316,21.83676864527127,146.33333333333334,0.0,255.0,112.14701235856612,235.86703504199644,185.18011235251336,252.93921456598932,17.7530582984234,-1.1333353678385416,-6.0,1.9999923706054688,2.199566429320384,0.06666666666666667,0.06666666666666667
MET_MM,chronology_preserved,radiology,1,False,364.4234205665882,59.71869882181818,782.5747535948664,225.82463838518265,10.731724685168054,1.5147350986780193,19.880273682787756,5.7712378101407245,56.25859332043181,21.888385407172848,103.00630072988316,21.83676864527127,146.33333333333334,0.0,255.0,112.14701235856612,235.86703504199644,185.18011235251336,252.93921456598932,17.7530582984234,-1.1333353678385416,-6.0,1.9999923706054688,2.199566429320384,0.06666666666666667,0.06666666666666667
MET_MM,biopsy_method,pathology,1,False,191.29894962652406,70.65247826139037,323.1824008624599,113.62898354286585,7.157213902776077,1.7822351906318168,13.036275867304209,5.0961915378166704,41.85233751616663,24.510554806234016,54.3072714028123,13.039253499414588,74.75,0.0,164.0,80.82646018889277,244.42900528598932,236.94825704727273,252.4279961668449,6.798918571715649,-1.25,-4.0,0.0,1.8929694486000912,0.0,0.0
MET_MM,histologic_diagnosis,pathology,1,False,191.29894962652406,70.65247826139037,323.1824008624599,113.62898354286585,7.157213902776077,1.7822351906318168,13.036275867304209,5.0961915378166704,41.85233751616663,24.510554806234016,54.3072714028123,13.039253499414588,74.75,0.0,164.0,80.82646018889277,244.42900528598932,236.94825704727273,252.4279961668449,6.798918571715649,-1.25,-4.0,0.0,1.8929694486000912,0.0,0.0
MET_KS,lesion_size,radiology,3,True,169.05674406103387,49.50726913368984,281.67501383187164,94.31662573486666,6.632192818133561,1.275898079516008,11.678465421064269,4.252475395658409,36.50851317106248,19.300091391792108,47.7698617976364,12.99787597915265,62.55555555555556,0.0,125.0,51.37633480288155,246.3268666927154,240.66503578695188,253.3825746002139,5.430296303562185,-0.8888905843098959,-5.000007629394531,0.9999923706054688,2.088328362512693,0.3333333333333333,0.3333333333333333
MET_KS,laterality,radiology,1,False,169.05674406103387,49.50726913368984,281.67501383187164,94.31662573486666,6.632192818133561,1.275898079516008,11.678465421064269,4.252475395658409,36.50851317106248,19.300091391792108,47.7698617976364,12.99787597915265,62.55555555555556,0.0,125.0,51.37633480288155,246.3268666927154,240.66503578695188,253.3825746002139,5.430296303562185,-0.8888905843098959,-5.000007629394531,0.9999923706054688,2.088328362512693,0.3333333333333333,0.3333333333333333
MET_KS,lesion_location,radiology,1,False,169.05674406103387,49.50726913368984,281.67501383187164,94.31662573486666,6.632192818133561,1.275898079516008,11.678465421064269,4.252475395658409,36.50851317106248,19.300091391792108,47.7698617976364,12.99787597915265,62.55555555555556,0.0,125.0,51.37633480288155,246.3268666927154,240.66503578695188,253.3825746002139,5.430296303562185,-0.8888905843098959,-5.000007629394531,0.9999923706054688,2.088328362512693,0.3333333333333333,0.3333333333333333
MET_KS,accurate_clip_placement,radiology,1,False,169.05674406103387,49.50726913368984,281.67501383187164,94.31662573486666,6.632192818133561,1.275898079516008,11.678465421064269,4.252475395658409,36.50851317106248,19.300091391792108,47.7698617976364,12.99787597915265,62.55555555555556,0.0,125.0,51.37633480288155,246.3268666927154,240.66503578695188,253.3825746002139,5.430296303562185,-0.8888905843098959,-5.000007629394531,0.9999923706054688,2.088328362512693,0.3333333333333333,0.3333333333333333
MET_KS,workup_recommendation,radiology,1,False,169.05674406103387,49.50726913368984,281.67501383187164,94.31662573486666,6.632192818133561,1.275898079516008,11.678465421064269,4.252475395658409,36.50851317106248,19.300091391792108,47.7698617976364,12.99787597915265,62.55555555555556,0.0,125.0,51.37633480288155,246.3268666927154,240.66503578695188,253.3825746002139,5.430296303562185,-0.8888905843098959,-5.000007629394531,0.9999923706054688,2.088328362512693,0.3333333333333333,0.3333333333333333
MET_KS,lymph_node,radiology,1,False,169.05674406103387,49.50726913368984,281.67501383187164,94.31662573486666,6.632192818133561,1.275898079516008,11.678465421064269,4.252475395658409,36.50851317106248,19.300091391792108,47.7698617976364,12.99787597915265,62.55555555555556,0.0,125.0,51.37633480288155,246.3268666927154,240.66503578695188,253.3825746002139,5.430296303562185,-0.8888905843098959,-5.000007629394531,0.9999923706054688,2.088328362512693,0.3333333333333333,0.3333333333333333
MET_KS,chronology_preserved,radiology,1,False,169.05674406103387,49.50726913368984,281.67501383187164,94.31662573486666,6.632192818133561,1.275898079516008,11.678465421064269,4.252475395658409,36.50851317106248,19.300091391792108,47.7698617976364,12.99787597915265,62.55555555555556,0.0,125.0,51.37633480288155,246.3268666927154,240.66503578695188,253.3825746002139,5.430296303562185,-0.8888905843098959,-5.000007629394531,0.9999923706054688,2.088328362512693,0.3333333333333333,0.3333333333333333
MET_KS,biopsy_method,pathology,1,False,186.5512945557219,168.91806479058823,204.1845243208556,24.93715268229299,8.73067857396949,8.634648203619358,8.826708944319622,0.13580745214886744,43.9733223627441,36.24986887803517,51.69677584745303,10.922612666433109,112.0,80.0,144.0,45.254833995939045,242.3758873257754,239.6997978352941,245.05197681625668,3.784562051562734,-2.5000076293945312,-3.0000076293945312,-2.0000076293945312,0.7071067811865476,0.0,0.0
MET_KS,invasive_component_size,pathology,1,False,186.5512945557219,168.91806479058823,204.1845243208556,24.93715268229299,8.73067857396949,8.634648203619358,8.826708944319622,0.13580745214886744,43.9733223627441,36.24986887803517,51.69677584745303,10.922612666433109,112.0,80.0,144.0,45.254833995939045,242.3758873257754,239.6997978352941,245.05197681625668,3.784562051562734,-2.5000076293945312,-3.0000076293945312,-2.0000076293945312,0.7071067811865476,0.0,0.0
MET_KS,histologic_diagnosis,pathology,1,False,186.5512945557219,168.91806479058823,204.1845243208556,24.93715268229299,8.73067857396949,8.634648203619358,8.826708944319622,0.13580745214886744,43.9733223627441,36.24986887803517,51.69677584745303,10.922612666433109,112.0,80.0,144.0,45.254833995939045,242.3758873257754,239.6997978352941,245.05197681625668,3.784562051562734,-2.5000076293945312,-3.0000076293945312,-2.0000076293945312,0.7071067811865476,0.0,0.0
MET_KS,receptor_status,pathology,1,False,186.5512945557219,168.91806479058823,204.1845243208556,24.93715268229299,8.73067857396949,8.634648203619358,8.826708944319622,0.13580745214886744,43.9733223627441,36.24986887803517,51.69677584745303,10.922612666433109,112.0,80.0,144.0,45.254833995939045,242.3758873257754,239.6997978352941,245.05197681625668,3.784562051562734,-2.5000076293945312,-3.0000076293945312,-2.0000076293945312,0.7071067811865476,0.0,0.0
,lesion_size,radiology,3,True,,,,,,,,,,,,,,,,,,,,,,,,,,
,laterality,radiology,1,False,,,,,,,,,,,,,,,,,,,,,,,,,,
,lesion_location,radiology,1,False,,,,,,,,,,,,,,,,,,,,,,,,,,
,calcifications_asymmetry,radiology,1,False,,,,,,,,,,,,,,,,,,,,,,,,,,
,additional_enhancement_mri,radiology,2,False,,,,,,,,,,,,,,,,,,,,,,,,,,
,extent,radiology,1,False,,,,,,,,,,,,,,,,,,,,,,,,,,
,accurate_clip_placement,radiology,1,False,,,,,,,,,,,,,,,,,,,,,,,,,,
,workup_recommendation,radiology,3,True,,,,,,,,,,,,,,,,,,,,,,,,,,
,lymph_node,radiology,1,False,,,,,,,,,,,,,,,,,,,,,,,,,,
,chronology_preserved,radiology,1,False,,,,,,,,,,,,,,,,,,,,,,,,,,
,biopsy_method,pathology,1,False,,,,,,,,,,,,,,,,,,,,,,,,,,
,histologic_diagnosis,pathology,1,False,,,,,,,,,,,,,,,,,,,,,,,,,,
,receptor_status,pathology,1,False,,,,,,,,,,,,,,,,,,,,,,,,,,
AH_UD_INV,lesion_size,radiology,3,True,154.67566471368355,58.11967570139038,499.4234013433155,125.03025595690248,5.582258323953443,1.7104033703821948,12.571754765574063,3.405346507831554,33.936813894035254,19.253595982092232,58.25969875036927,11.91020008149149,48.588235294117645,0.0,239.0,64.35065930463476,247.85253815000942,239.47872140320857,252.9979922960428,4.468587623935992,0.6470556820140165,-3.0000076293945312,4.999992370605469,2.4985279349406952,0.11764705882352941,0.11764705882352941
AH_UD_INV,laterality,radiology,1,False,154.67566471368355,58.11967570139038,499.4234013433155,125.03025595690248,5.582258323953443,1.7104033703821948,12.571754765574063,3.405346507831554,33.936813894035254,19.253595982092232,58.25969875036927,11.91020008149149,48.588235294117645,0.0,239.0,64.35065930463476,247.85253815000942,239.47872140320857,252.9979922960428,4.468587623935992,0.6470556820140165,-3.0000076293945312,4.999992370605469,2.4985279349406952,0.11764705882352941,0.11764705882352941
AH_UD_INV,lesion_location,radiology,1,False,154.67566471368355,58.11967570139038,499.4234013433155,125.03025595690248,5.582258323953443,1.7104033703821948,12.571754765574063,3.405346507831554,33.936813894035254,19.253595982092232,58.25969875036927,11.91020008149149,48.588235294117645,0.0,239.0,64.35065930463476,247.85253815000942,239.47872140320857,252.9979922960428,4.468587623935992,0.6470556820140165,-3.0000076293945312,4.999992370605469,2.4985279349406952,0.11764705882352941,0.11764705882352941
AH_UD_INV,calcifications_asymmetry,radiology,1,False,154.67566471368355,58.11967570139038,499.4234013433155,125.03025595690248,5.582258323953443,1.7104033703821948,12.571754765574063,3.405346507831554,33.936813894035254,19.253595982092232,58.25969875036927,11.91020008149149,48.588235294117645,0.0,239.0,64.35065930463476,247.85253815000942,239.47872140320857,252.9979922960428,4.468587623935992,0.6470556820140165,-3.0000076293945312,4.999992370605469,2.4985279349406952,0.11764705882352941,0.11764705882352941
AH_UD_INV,accurate_clip_placement,radiology,1,False,154.67566471368355,58.11967570139038,499.4234013433155,125.03025595690248,5.582258323953443,1.7104033703821948,12.571754765574063,3.405346507831554,33.936813894035254,19.253595982092232,58.25969875036927,11.91020008149149,48.588235294117645,0.0,239.0,64.35065930463476,247.85253815000942,239.47872140320857,252.9979922960428,4.468587623935992,0.6470556820140165,-3.0000076293945312,4.999992370605469,2.4985279349406952,0.11764705882352941,0.11764705882352941
AH_UD_INV,workup_recommendation,radiology,1,False,154.67566471368355,58.11967570139038,499.4234013433155,125.03025595690248,5.582258323953443,1.7104033703821948,12.571754765574063,3.405346507831554,33.936813894035254,19.253595982092232,58.25969875036927,11.91020008149149,48.588235294117645,0.0,239.0,64.35065930463476,247.85253815000942,239.47872140320857,252.9979922960428,4.468587623935992,0.6470556820140165,-3.0000076293945312,4.999992370605469,2.4985279349406952,0.11764705882352941,0.11764705882352941
AH_UD_INV,chronology_preserved,radiology,1,False,154.67566471368355,58.11967570139038,499.4234013433155,125.03025595690248,5.582258323953443,1.7104033703821948,12.571754765574063,3.405346507831554,33.936813894035254,19.253595982092232,58.25969875036927,11.91020008149149,48.588235294117645,0.0,239.0,64.35065930463476,247.85253815000942,239.47872140320857,252.9979922960428,4.468587623935992,0.6470556820140165,-3.0000076293945312,4.999992370605469,2.4985279349406952,0.11764705882352941,0.11764705882352941
AH_UD_INV,biopsy_method,pathology,1,False,196.11519168114083,39.90828962909091,537.4008454981819,168.5094203370686,6.5555164342127314,1.2511627768316609,16.31405385241121,5.489107648045724,35.38680594603573,17.08992421424125,57.08471381535787,16.45664235456715,63.416666666666664,0.0,190.0,76.14275866403645,246.8463403653476,234.661679106738,253.5287632906952,6.78519143056805,-0.2500006357828776,-3.0000076293945312,4.0,1.6025559687211972,0.3333333333333333,0.4166666666666667
AH_UD_INV,invasive_component_size,pathology,1,False,196.11519168114083,39.90828962909091,537.4008454981819,168.5094203370686,6.5555164342127314,1.2511627768316609,16.31405385241121,5.489107648045724,35.38680594603573,17.08992421424125,57.08471381535787,16.45664235456715,63.416666666666664,0.0,190.0,76.14275866403645,246.8463403653476,234.661679106738,253.5287632906952,6.78519143056805,-0.2500006357828776,-3.0000076293945312,4.0,1.6025559687211972,0.3333333333333333,0.4166666666666667
AH_UD_INV,histologic_diagnosis,pathology,1,False,196.11519168114083,39.90828962909091,537.4008454981819,168.5094203370686,6.5555164342127314,1.2511627768316609,16.31405385241121,5.489107648045724,35.38680594603573,17.08992421424125,57.08471381535787,16.45664235456715,63.416666666666664,0.0,190.0,76.14275866403645,246.8463403653476,234.661679106738,253.5287632906952,6.78519143056805,-0.2500006357828776,-3.0000076293945312,4.0,1.6025559687211972,0.3333333333333333,0.4166666666666667
AH_UD_INV,receptor_status,pathology,2,False,196.11519168114083,39.90828962909091,537.4008454981819,168.5094203370686,6.5555164342127314,1.2511627768316609,16.31405385241121,5.489107648045724,35.38680594603573,17.08992421424125,57.08471381535787,16.45664235456715,63.416666666666664,0.0,190.0,76.14275866403645,246.8463403653476,234.661679106738,253.5287632906952,6.78519143056805,-0.2500006357828776,-3.0000076293945312,4.0,1.6025559687211972,0.3333333333333333,0.4166666666666667
LK_SW_INV,lesion_size,radiology,3,True,257.80356241386096,67.74359464385027,732.6803749783958,249.5372301842725,8.082712757619653,1.712235951972378,18.77059892899296,5.977962573515122,44.929347567181566,23.975280845250143,64.11566887777902,14.63778519721122,106.5,0.0,253.0,105.64642287681427,243.603897771123,235.66633356320855,252.53795495700535,6.2517549652509,-1.1000038146972657,-4.0,0.9999923706054688,1.7919575772985763,0.0,0.0
LK_SW_INV,laterality,radiology,1,False,257.80356241386096,67.74359464385027,732.6803749783958,249.5372301842725,8.082712757619653,1.712235951972378,18.77059892899296,5.977962573515122,44.929347567181566,23.975280845250143,64.11566887777902,14.63778519721122,106.5,0.0,253.0,105.64642287681427,243.603897771123,235.66633356320855,252.53795495700535,6.2517549652509,-1.1000038146972657,-4.0,0.9999923706054688,1.7919575772985763,0.0,0.0
LK_SW_INV,lesion_location,radiology,1,False,257.80356241386096,67.74359464385027,732.6803749783958,249.5372301842725,8.082712757619653,1.712235951972378,18.77059892899296,5.977962573515122,44.929347567181566,23.975280845250143,64.11566887777902,14.63778519721122,106.5,0.0,253.0,105.64642287681427,243.603897771123,235.66633356320855,252.53795495700535,6.2517549652509,-1.1000038146972657,-4.0,0.9999923706054688,1.7919575772985763,0.0,0.0
LK_SW_INV,calcifications_asymmetry,radiology,1,False,257.80356241386096,67.74359464385027,732.6803749783958,249.5372301842725,8.082712757619653,1.712235951972378,18.77059892899296,5.977962573515122,44.929347567181566,23.975280845250143,64.11566887777902,14.63778519721122,106.5,0.0,253.0,105.64642287681427,243.603897771123,235.66633356320855,252.53795495700535,6.2517549652509,-1.1000038146972657,-4.0,0.9999923706054688,1.7919575772985763,0.0,0.0
LK_SW_INV,additional_enhancement_mri,radiology,1,False,257.80356241386096,67.74359464385027,732.6803749783958,249.5372301842725,8.082712757619653,1.712235951972378,18.77059892899296,5.977962573515122,44.929347567181566,23.975280845250143,64.11566887777902,14.63778519721122,106.5,0.0,253.0,105.64642287681427,243.603897771123,235.66633356320855,252.53795495700535,6.2517549652509,-1.1000038146972657,-4.0,0.9999923706054688,1.7919575772985763,0.0,0.0
LK_SW_INV,extent,radiology,1,False,257.80356241386096,67.74359464385027,732.6803749783958,249.5372301842725,8.082712757619653,1.712235951972378,18.77059892899296,5.977962573515122,44.929347567181566,23.975280845250143,64.11566887777902,14.63778519721122,106.5,0.0,253.0,105.64642287681427,243.603897771123,235.66633356320855,252.53795495700535,6.2517549652509,-1.1000038146972657,-4.0,0.9999923706054688,1.7919575772985763,0.0,0.0
LK_SW_INV,accurate_clip_placement,radiology,1,False,257.80356241386096,67.74359464385027,732.6803749783958,249.5372301842725,8.082712757619653,1.712235951972378,18.77059892899296,5.977962573515122,44.929347567181566,23.975280845250143,64.11566887777902,14.63778519721122,106.5,0.0,253.0,105.64642287681427,243.603897771123,235.66633356320855,252.53795495700535,6.2517549652509,-1.1000038146972657,-4.0,0.9999923706054688,1.7919575772985763,0.0,0.0
LK_SW_INV,workup_recommendation,radiology,1,False,257.80356241386096,67.74359464385027,732.6803749783958,249.5372301842725,8.082712757619653,1.712235951972378,18.77059892899296,5.977962573515122,44.929347567181566,23.975280845250143,64.11566887777902,14.63778519721122,106.5,0.0,253.0,105.64642287681427,243.603897771123,235.66633356320855,252.53795495700535,6.2517549652509,-1.1000038146972657,-4.0,0.9999923706054688,1.7919575772985763,0.0,0.0
LK_SW_INV,lymph_node,radiology,2,False,257.80356241386096,67.74359464385027,732.6803749783958,249.5372301842725,8.082712757619653,1.712235951972378,18.77059892899296,5.977962573515122,44.929347567181566,23.975280845250143,64.11566887777902,14.63778519721122,106.5,0.0,253.0,105.64642287681427,243.603897771123,235.66633356320855,252.53795495700535,6.2517549652509,-1.1000038146972657,-4.0,0.9999923706054688,1.7919575772985763,0.0,0.0
LK_SW_INV,chronology_preserved,radiology,1,False,257.80356241386096,67.74359464385027,732.6803749783958,249.5372301842725,8.082712757619653,1.712235951972378,18.77059892899296,5.977962573515122,44.929347567181566,23.975280845250143,64.11566887777902,14.63778519721122,106.5,0.0,253.0,105.64642287681427,243.603897771123,235.66633356320855,252.53795495700535,6.2517549652509,-1.1000038146972657,-4.0,0.9999923706054688,1.7919575772985763,0.0,0.0
LK_SW_INV,biopsy_method,pathology,1,False,173.29152759199388,67.68370208855615,339.676454824385,107.31208786340196,7.471952402345542,1.7110194433755836,14.50074300267814,4.763290283573092,39.82553644360849,23.970002147000116,54.15913816429872,11.853979340049632,76.85714285714286,0.0,168.0,63.64073268860798,244.493893544385,237.0719028568984,252.53889239614972,6.098981492583451,-1.8571461268833704,-4.0,0.0,1.7728129800353474,0.0,0.0
LK_SW_INV,invasive_component_size,pathology,1,False,173.29152759199388,67.68370208855615,339.676454824385,107.31208786340196,7.471952402345542,1.7110194433755836,14.50074300267814,4.763290283573092,39.82553644360849,23.970002147000116,54.15913816429872,11.853979340049632,76.85714285714286,0.0,168.0,63.64073268860798,244.493893544385,237.0719028568984,252.53889239614972,6.098981492583451,-1.8571461268833704,-4.0,0.0,1.7728129800353474,0.0,0.0
LK_SW_INV,histologic_diagnosis,pathology,1,False,173.29152759199388,67.68370208855615,339.676454824385,107.31208786340196,7.471952402345542,1.7110194433755836,14.50074300267814,4.763290283573092,39.82553644360849,23.970002147000116,54.15913816429872,11.853979340049632,76.85714285714286,0.0,168.0,63.64073268860798,244.493893544385,237.0719028568984,252.53889239614972,6.098981492583451,-1.8571461268833704,-4.0,0.0,1.7728129800353474,0.0,0.0
LK_SW_INV,receptor_status,pathology,1,False,173.29152759199388,67.68370208855615,339.676454824385,107.31208786340196,7.471952402345542,1.7110194433755836,14.50074300267814,4.763290283573092,39.82553644360849,23.970002147000116,54.15913816429872,11.853979340049632,76.85714285714286,0.0,168.0,63.64073268860798,244.493893544385,237.0719028568984,252.53889239614972,6.098981492583451,-1.8571461268833704,-4.0,0.0,1.7728129800353474,0.0,0.0
ML_WY_INV,lesion_size,radiology,1,False,161.7525175717647,67.79566638545455,273.54771751700537,74.13411043864123,6.12818255047227,1.6914326035651717,10.538199646620036,3.3616328173682106,36.166365298093446,23.928064745717535,52.58289797231122,10.122727949624513,51.8421052631579,0.0,150.0,52.50107211380941,246.9847470311286,240.086963542246,252.55185738609623,4.5583068871589525,-1.2631607055664062,-4.0,0.0,1.240168441681726,0.0,0.05263157894736842
ML_WY_INV,laterality,radiology,1,False,161.7525175717647,67.79566638545455,273.54771751700537,74.13411043864123,6.12818255047227,1.6914326035651717,10.538199646620036,3.3616328173682106,36.166365298093446,23.928064745717535,52.58289797231122,10.122727949624513,51.8421052631579,0.0,150.0,52.50107211380941,246.9847470311286,240.086963542246,252.55185738609623,4.5583068871589525,-1.2631607055664062,-4.0,0.0,1.240168441681726,0.0,0.05263157894736842
ML_WY_INV,lesion_location,radiology,1,False,161.7525175717647,67.79566638545455,273.54771751700537,74.13411043864123,6.12818255047227,1.6914326035651717,10.538199646620036,3.3616328173682106,36.166365298093446,23.928064745717535,52.58289797231122,10.122727949624513,51.8421052631579,0.0,150.0,52.50107211380941,246.9847470311286,240.086963542246,252.55185738609623,4.5583068871589525,-1.2631607055664062,-4.0,0.0,1.240168441681726,0.0,0.05263157894736842
ML_WY_INV,calcifications_asymmetry,radiology,1,False,161.7525175717647,67.79566638545455,273.54771751700537,74.13411043864123,6.12818255047227,1.6914326035651717,10.538199646620036,3.3616328173682106,36.166365298093446,23.928064745717535,52.58289797231122,10.122727949624513,51.8421052631579,0.0,150.0,52.50107211380941,246.9847470311286,240.086963542246,252.55185738609623,4.5583068871589525,-1.2631607055664062,-4.0,0.0,1.240168441681726,0.0,0.05263157894736842
ML_WY_INV,accurate_clip_placement,radiology,1,False,161.7525175717647,67.79566638545455,273.54771751700537,74.13411043864123,6.12818255047227,1.6914326035651717,10.538199646620036,3.3616328173682106,36.166365298093446,23.928064745717535,52.58289797231122,10.122727949624513,51.8421052631579,0.0,150.0,52.50107211380941,246.9847470311286,240.086963542246,252.55185738609623,4.5583068871589525,-1.2631607055664062,-4.0,0.0,1.240168441681726,0.0,0.05263157894736842
ML_WY_INV,workup_recommendation,radiology,1,False,161.7525175717647,67.79566638545455,273.54771751700537,74.13411043864123,6.12818255047227,1.6914326035651717,10.538199646620036,3.3616328173682106,36.166365298093446,23.928064745717535,52.58289797231122,10.122727949624513,51.8421052631579,0.0,150.0,52.50107211380941,246.9847470311286,240.086963542246,252.55185738609623,4.5583068871589525,-1.2631607055664062,-4.0,0.0,1.240168441681726,0.0,0.05263157894736842
ML_WY_INV,lymph_node,radiology,1,False,161.7525175717647,67.79566638545455,273.54771751700537,74.13411043864123,6.12818255047227,1.6914326035651717,10.538199646620036,3.3616328173682106,36.166365298093446,23.928064745717535,52.58289797231122,10.122727949624513,51.8421052631579,0.0,150.0,52.50107211380941,246.9847470311286,240.086963542246,252.55185738609623,4.5583068871589525,-1.2631607055664062,-4.0,0.0,1.240168441681726,0.0,0.05263157894736842
ML_WY_INV,chronology_preserved,radiology,1,False,161.7525175717647,67.79566638545455,273.54771751700537,74.13411043864123,6.12818255047227,1.6914326035651717,10.538199646620036,3.3616328173682106,36.166365298093446,23.928064745717535,52.58289797231122,10.122727949624513,51.8421052631579,0.0,150.0,52.50107211380941,246.9847470311286,240.086963542246,252.55185738609623,4.5583068871589525,-1.2631607055664062,-4.0,0.0,1.240168441681726,0.0,0.05263157894736842
ML_WY_INV,biopsy_method,pathology,1,False,147.2152372112656,54.73227537796792,285.9267052560428,122.33365110046628,5.978165805322874,1.4000542174357655,12.853510368355138,6.062456099373331,36.77252400502316,19.54512321073539,58.821422934405206,20.077152766164946,68.66666666666667,0.0,199.0,112.9262296073562,244.85060892292336,231.79090730438503,253.3343476226738,11.477566495669203,-0.3333384195963542,-2.0000076293945312,1.9999923706054688,2.0816647777895736,0.3333333333333333,0.3333333333333333
ML_WY_INV,invasive_component_size,pathology,3,True,147.2152372112656,54.73227537796792,285.9267052560428,122.33365110046628,5.978165805322874,1.4000542174357655,12.853510368355138,6.062456099373331,36.77252400502316,19.54512321073539,58.821422934405206,20.077152766164946,68.66666666666667,0.0,199.0,112.9262296073562,244.85060892292336,231.79090730438503,253.3343476226738,11.477566495669203,-0.3333384195963542,-2.0000076293945312,1.9999923706054688,2.0816647777895736,0.3333333333333333,0.3333333333333333
ML_WY_INV,histologic_diagnosis,pathology,1,False,147.2152372112656,54.73227537796792,285.9267052560428,122.33365110046628,5.978165805322874,1.4000542174357655,12.853510368355138,6.062456099373331,36.77252400502316,19.54512321073539,58.821422934405206,20.077152766164946,68.66666666666667,0.0,199.0,112.9262296073562,244.85060892292336,231.79090730438503,253.3343476226738,11.477566495669203,-0.3333384195963542,-2.0000076293945312,1.9999923706054688,2.0816647777895736,0.3333333333333333,0.3333333333333333
ML_WY_INV,receptor_status,pathology,1,False,147.2152372112656,54.73227537796792,285.9267052560428,122.33365110046628,5.978165805322874,1.4000542174357655,12.853510368355138,6.062456099373331,36.77252400502316,19.54512321073539,58.821422934405206,20.077152766164946,68.66666666666667,0.0,199.0,112.9262296073562,244.85060892292336,231.79090730438503,253.3343476226738,11.477566495669203,-0.3333384195963542,-2.0000076293945312,1.9999923706054688,2.0816647777895736,0.3333333333333333,0.3333333333333333
GM_DR_INV,lesion_size,radiology,1,False,128.10165679229948,66.84554732834225,187.720861186738,50.058135271453025,4.573420058105531,1.7342574487136249,7.008540431491088,2.2688463657625424,31.682321986861165,23.92817502130109,38.30837049046129,5.727729850371518,11.1,0.0,28.0,10.619165064479724,249.4874753772834,246.79399775144384,252.5481918562567,2.229018494611792,-0.15000228881835936,-6.0,4.0,2.925462795936305,0.1,0.0
GM_DR_INV,laterality,radiology,1,False,128.10165679229948,66.84554732834225,187.720861186738,50.058135271453025,4.573420058105531,1.7342574487136249,7.008540431491088,2.2688463657625424,31.682321986861165,23.92817502130109,38.30837049046129,5.727729850371518,11.1,0.0,28.0,10.619165064479724,249.4874753772834,246.79399775144384,252.5481918562567,2.229018494611792,-0.15000228881835936,-6.0,4.0,2.925462795936305,0.1,0.0
GM_DR_INV,lesion_location,radiology,1,False,128.10165679229948,66.84554732834225,187.720861186738,50.058135271453025,4.573420058105531,1.7342574487136249,7.008540431491088,2.2688463657625424,31.682321986861165,23.92817502130109,38.30837049046129,5.727729850371518,11.1,0.0,28.0,10.619165064479724,249.4874753772834,246.79399775144384,252.5481918562567,2.229018494611792,-0.15000228881835936,-6.0,4.0,2.925462795936305,0.1,0.0
GM_DR_INV,accurate_clip_placement,radiology,1,False,128.10165679229948,66.84554732834225,187.720861186738,50.058135271453025,4.573420058105531,1.7342574487136249,7.008540431491088,2.2688463657625424,31.682321986861165,23.92817502130109,38.30837049046129,5.727729850371518,11.1,0.0,28.0,10.619165064479724,249.4874753772834,246.79399775144384,252.5481918562567,2.229018494611792,-0.15000228881835936,-6.0,4.0,2.925462795936305,0.1,0.0
GM_DR_INV,lymph_node,radiology,1,False,128.10165679229948,66.84554732834225,187.720861186738,50.058135271453025,4.573420058105531,1.7342574487136249,7.008540431491088,2.2688463657625424,31.682321986861165,23.92817502130109,38.30837049046129,5.727729850371518,11.1,0.0,28.0,10.619165064479724,249.4874753772834,246.79399775144384,252.5481918562567,2.229018494611792,-0.15000228881835936,-6.0,4.0,2.925462795936305,0.1,0.0
GM_DR_INV,chronology_preserved,radiology,1,False,128.10165679229948,66.84554732834225,187.720861186738,50.058135271453025,4.573420058105531,1.7342574487136249,7.008540431491088,2.2688463657625424,31.682321986861165,23.92817502130109,38.30837049046129,5.727729850371518,11.1,0.0,28.0,10.619165064479724,249.4874753772834,246.79399775144384,252.5481918562567,2.229018494611792,-0.15000228881835936,-6.0,4.0,2.925462795936305,0.1,0.0
GM_DR_INV,biopsy_method,pathology,1,False,761.2113431976776,40.23549127871658,1629.8909321719786,486.37058742195205,25.87778242119564,1.3602871512240944,56.68453360843088,17.493733430560752,59.764465125842946,20.832200752463383,85.14354055183028,18.941410621549647,175.14285714285714,0.0,255.0,100.81531913071828,233.4064833590629,215.2618945368984,253.02741793540108,11.340122431014686,-1.619050525483631,-6.0,0.0,1.6271522438112798,0.09523809523809523,0.047619047619047616
GM_DR_INV,invasive_component_size,pathology,2,False,761.2113431976776,40.23549127871658,1629.8909321719786,486.37058742195205,25.87778242119564,1.3602871512240944,56.68453360843088,17.493733430560752,59.764465125842946,20.832200752463383,85.14354055183028,18.941410621549647,175.14285714285714,0.0,255.0,100.81531913071828,233.4064833590629,215.2618945368984,253.02741793540108,11.340122431014686,-1.619050525483631,-6.0,0.0,1.6271522438112798,0.09523809523809523,0.047619047619047616
GM_DR_INV,histologic_diagnosis,pathology,1,False,761.2113431976776,40.23549127871658,1629.8909321719786,486.37058742195205,25.87778242119564,1.3602871512240944,56.68453360843088,17.493733430560752,59.764465125842946,20.832200752463383,85.14354055183028,18.941410621549647,175.14285714285714,0.0,255.0,100.81531913071828,233.4064833590629,215.2618945368984,253.02741793540108,11.340122431014686,-1.619050525483631,-6.0,0.0,1.6271522438112798,0.09523809523809523,0.047619047619047616
GM_DR_INV,receptor_status,pathology,3,True,761.2113431976776,40.23549127871658,1629.8909321719786,486.37058742195205,25.87778242119564,1.3602871512240944,56.68453360843088,17.493733430560752,59.764465125842946,20.832200752463383,85.14354055183028,18.941410621549647,175.14285714285714,0.0,255.0,100.81531913071828,233.4064833590629,215.2618945368984,253.02741793540108,11.340122431014686,-1.619050525483631,-6.0,0.0,1.6271522438112798,0.09523809523809523,0.047619047619047616
GM_XM_INV,lesion_size,radiology,1,False,198.15480185590667,66.61205977668449,431.0150403559358,125.4577661066586,6.97159896021191,1.6333364210674903,13.24148045611557,4.366225684806966,38.426375416524955,23.91242982242958,55.234501204494904,11.865507287297152,67.45454545454545,0.0,179.0,66.16247219740755,246.0456429064463,238.5227368521925,252.55732581989304,5.415208826730252,-1.090911865234375,-3.0000076293945312,0.9999923706054688,1.2210295302307677,0.2727272727272727,0.18181818181818182
GM_XM_INV,laterality,radiology,1,False,198.15480185590667,66.61205977668449,431.0150403559358,125.4577661066586,6.97159896021191,1.6333364210674903,13.24148045611557,4.366225684806966,38.426375416524955,23.91242982242958,55.234501204494904,11.865507287297152,67.45454545454545,0.0,179.0,66.16247219740755,246.0456429064463,238.5227368521925,252.55732581989304,5.415208826730252,-1.090911865234375,-3.0000076293945312,0.9999923706054688,1.2210295302307677,0.2727272727272727,0.18181818181818182
GM_XM_INV,lesion_location,radiology,1,False,198.15480185590667,66.61205977668449,431.0150403559358,125.4577661066586,6.97159896021191,1.6333364210674903,13.24148045611557,4.366225684806966,38.426375416524955,23.91242982242958,55.234501204494904,11.865507287297152,67.45454545454545,0.0,179.0,66.16247219740755,246.0456429064463,238.5227368521925,252.55732581989304,5.415208826730252,-1.090911865234375,-3.0000076293945312,0.9999923706054688,1.2210295302307677,0.2727272727272727,0.18181818181818182
GM_XM_INV,calcifications_asymmetry,radiology,1,False,198.15480185590667,66.61205977668449,431.0150403559358,125.4577661066586,6.97159896021191,1.6333364210674903,13.24148045611557,4.366225684806966,38.426375416524955,23.91242982242958,55.234501204494904,11.865507287297152,67.45454545454545,0.0,179.0,66.16247219740755,246.0456429064463,238.5227368521925,252.55732581989304,5.415208826730252,-1.090911865234375,-3.0000076293945312,0.9999923706054688,1.2210295302307677,0.2727272727272727,0.18181818181818182
GM_XM_INV,extent,radiology,2,False,198.15480185590667,66.61205977668449,431.0150403559358,125.4577661066586,6.97159896021191,1.6333364210674903,13.24148045611557,4.366225684806966,38.426375416524955,23.91242982242958,55.234501204494904,11.865507287297152,67.45454545454545,0.0,179.0,66.16247219740755,246.0456429064463,238.5227368521925,252.55732581989304,5.415208826730252,-1.090911865234375,-3.0000076293945312,0.9999923706054688,1.2210295302307677,0.2727272727272727,0.18181818181818182
GM_XM_INV,lymph_node,radiology,1,False,198.15480185590667,66.61205977668449,431.0150403559358,125.4577661066586,6.97159896021191,1.6333364210674903,13.24148045611557,4.366225684806966,38.426375416524955,23.91242982242958,55.234501204494904,11.865507287297152,67.45454545454545,0.0,179.0,66.16247219740755,246.0456429064463,238.5227368521925,252.55732581989304,5.415208826730252,-1.090911865234375,-3.0000076293945312,0.9999923706054688,1.2210295302307677,0.2727272727272727,0.18181818181818182
GM_XM_INV,chronology_preserved,radiology,1,False,198.15480185590667,66.61205977668449,431.0150403559358,125.4577661066586,6.97159896021191,1.6333364210674903,13.24148045611557,4.366225684806966,38.426375416524955,23.91242982242958,55.234501204494904,11.865507287297152,67.45454545454545,0.0,179.0,66.16247219740755,246.0456429064463,238.5227368521925,252.55732581989304,5.415208826730252,-1.090911865234375,-3.0000076293945312,0.9999923706054688,1.2210295302307677,0.2727272727272727,0.18181818181818182
GM_XM_INV,biopsy_method,pathology,1,False,130.00342606032086,70.49808430545454,256.4169834233155,74.90742182138905,6.232835616593095,1.6965692576894889,14.073730908727883,5.3164747475189245,51.2709937739908,30.215230932097473,74.82639184281243,23.10966011413245,120.5,0.0,246.0,132.02992085129796,214.50000819222817,175.36461442737968,251.1710392812834,40.193397905840406,-3.3333358764648438,-7.0,-1.0,2.6583221849896654,0.0,0.0
GM_XM_INV,invasive_component_size,pathology,3,True,130.00342606032086,70.49808430545454,256.4169834233155,74.90742182138905,6.232835616593095,1.6965692576894889,14.073730908727883,5.3164747475189245,51.2709937739908,30.215230932097473,74.82639184281243,23.10966011413245,120.5,0.0,246.0,132.02992085129796,214.50000819222817,175.36461442737968,251.1710392812834,40.193397905840406,-3.3333358764648438,-7.0,-1.0,2.6583221849896654,0.0,0.0
GM_XM_INV,histologic_diagnosis,pathology,1,False,130.00342606032086,70.49808430545454,256.4169834233155,74.90742182138905,6.232835616593095,1.6965692576894889,14.073730908727883,5.3164747475189245,51.2709937739908,30.215230932097473,74.82639184281243,23.10966011413245,120.5,0.0,246.0,132.02992085129796,214.50000819222817,175.36461442737968,251.1710392812834,40.193397905840406,-3.3333358764648438,-7.0,-1.0,2.6583221849896654,0.0,0.0
GM_XM_INV,receptor_status,pathology,1,False,130.00342606032086,70.49808430545454,256.4169834233155,74.90742182138905,6.232835616593095,1.6965692576894889,14.073730908727883,5.3164747475189245,51.2709937739908,30.215230932097473,74.82639184281243,23.10966011413245,120.5,0.0,246.0,132.02992085129796,214.50000819222817,175.36461442737968,251.1710392812834,40.193397905840406,-3.3333358764648438,-7.0,-1.0,2.6583221849896654,0.0,0.0
TM_FS_DCIS,lesion_size,radiology,3,True,173.6942563038384,67.07510975657755,271.5259137095187,87.31112951391414,6.598416090674329,1.6798136669090584,10.956783713005212,3.9764456593299182,37.68412655804687,23.750671831301982,48.90096399057802,10.980297197566475,59.888888888888886,0.0,130.0,52.62471958225631,246.2751154188473,240.25741421518717,252.58598356192513,5.066513748441788,-1.7777803209092882,-6.0,0.0,1.9860638284612147,0.3333333333333333,0.3333333333333333
TM_FS_DCIS,laterality,radiology,1,False,173.6942563038384,67.07510975657755,271.5259137095187,87.31112951391414,6.598416090674329,1.6798136669090584,10.956783713005212,3.9764456593299182,37.68412655804687,23.750671831301982,48.90096399057802,10.980297197566475,59.888888888888886,0.0,130.0,52.62471958225631,246.2751154188473,240.25741421518717,252.58598356192513,5.066513748441788,-1.7777803209092882,-6.0,0.0,1.9860638284612147,0.3333333333333333,0.3333333333333333
TM_FS_DCIS,lesion_location,radiology,1,False,173.6942563038384,67.07510975657755,271.5259137095187,87.31112951391414,6.598416090674329,1.6798136669090584,10.956783713005212,3.9764456593299182,37.68412655804687,23.750671831301982,48.90096399057802,10.980297197566475,59.888888888888886,0.0,130.0,52.62471958225631,246.2751154188473,240.25741421518717,252.58598356192513,5.066513748441788,-1.7777803209092882,-6.0,0.0,1.9860638284612147,0.3333333333333333,0.3333333333333333
TM_FS_DCIS,accurate_clip_placement,radiology,1,False,173.6942563038384,67.07510975657755,271.5259137095187,87.31112951391414,6.598416090674329,1.6798136669090584,10.956783713005212,3.9764456593299182,37.68412655804687,23.750671831301982,48.90096399057802,10.980297197566475,59.888888888888886,0.0,130.0,52.62471958225631,246.2751154188473,240.25741421518717,252.58598356192513,5.066513748441788,-1.7777803209092882,-6.0,0.0,1.9860638284612147,0.3333333333333333,0.3333333333333333
TM_FS_DCIS,lymph_node,radiology,1,False,173.6942563038384,67.07510975657755,271.5259137095187,87.31112951391414,6.598416090674329,1.6798136669090584,10.956783713005212,3.9764456593299182,37.68412655804687,23.750671831301982,48.90096399057802,10.980297197566475,59.888888888888886,0.0,130.0,52.62471958225631,246.2751154188473,240.25741421518717,252.58598356192513,5.066513748441788,-1.7777803209092882,-6.0,0.0,1.9860638284612147,0.3333333333333333,0.3333333333333333
TM_FS_DCIS,chronology_preserved,radiology,1,False,173.6942563038384,67.07510975657755,271.5259137095187,87.31112951391414,6.598416090674329,1.6798136669090584,10.956783713005212,3.9764456593299182,37.68412655804687,23.750671831301982,48.90096399057802,10.980297197566475,59.888888888888886,0.0,130.0,52.62471958225631,246.2751154188473,240.25741421518717,252.58598356192513,5.066513748441788,-1.7777803209092882,-6.0,0.0,1.9860638284612147,0.3333333333333333,0.3333333333333333
TM_FS_DCIS,biopsy_method,pathology,1,False,161.69455945468806,67.56612714780749,233.3807844346524,85.1549449243359,6.149480962867667,1.697329692744451,9.10351985618782,3.9237951914465694,36.77631129825727,23.804288852988257,50.478718662442155,13.352205735840256,61.333333333333336,0.0,137.0,69.61561127601577,246.63583671672015,240.73445326716575,252.57318621090909,5.919448419877775,-1.3333358764648438,-3.0000076293945312,0.0,1.527529393828573,0.3333333333333333,0.3333333333333333
TM_FS_DCIS,histologic_diagnosis,pathology,1,False,161.69455945468806,67.56612714780749,233.3807844346524,85.1549449243359,6.149480962867667,1.697329692744451,9.10351985618782,3.9237951914465694,36.77631129825727,23.804288852988257,50.478718662442155,13.352205735840256,61.333333333333336,0.0,137.0,69.61561127601577,246.63583671672015,240.73445326716575,252.57318621090909,5.919448419877775,-1.3333358764648438,-3.0000076293945312,0.0,1.527529393828573,0.3333333333333333,0.3333333333333333
TM_FS_DCIS,receptor_status,pathology,1,False,161.69455945468806,67.56612714780749,233.3807844346524,85.1549449243359,6.149480962867667,1.697329692744451,9.10351985618782,3.9237951914465694,36.77631129825727,23.804288852988257,50.478718662442155,13.352205735840256,61.333333333333336,0.0,137.0,69.61561127601577,246.63583671672015,240.73445326716575,252.57318621090909,5.919448419877775,-1.3333358764648438,-3.0000076293945312,0.0,1.527529393828573,0.3333333333333333,0.3333333333333333
KP_MM_INV,lesion_size,radiology,1,False,218.21266401060961,70.39620528598931,479.7188187037433,166.63297039791348,7.736754577608781,1.7547824536182528,15.415199198652228,5.953702872559541,38.639104590104836,24.106505907021734,60.69572377012683,15.506897869351928,73.6,0.0,238.0,107.77198151653332,246.02164359803209,237.147960662246,252.51247689925137,7.15480132608851,-1.6000045776367187,-3.0000076293945312,0.0,1.140179105382767,0.0,0.0
KP_MM_INV,laterality,radiology,1,False,218.21266401060961,70.39620528598931,479.7188187037433,166.63297039791348,7.736754577608781,1.7547824536182528,15.415199198652228,5.953702872559541,38.639104590104836,24.106505907021734,60.69572377012683,15.506897869351928,73.6,0.0,238.0,107.77198151653332,246.02164359803209,237.147960662246,252.51247689925137,7.15480132608851,-1.6000045776367187,-3.0000076293945312,0.0,1.140179105382767,0.0,0.0
KP_MM_INV,lesion_location,radiology,1,False,218.21266401060961,70.39620528598931,479.7188187037433,166.63297039791348,7.736754577608781,1.7547824536182528,15.415199198652228,5.953702872559541,38.639104590104836,24.106505907021734,60.69572377012683,15.506897869351928,73.6,0.0,238.0,107.77198151653332,246.02164359803209,237.147960662246,252.51247689925137,7.15480132608851,-1.6000045776367187,-3.0000076293945312,0.0,1.140179105382767,0.0,0.0
KP_MM_INV,accurate_clip_placement,radiology,1,False,218.21266401060961,70.39620528598931,479.7188187037433,166.63297039791348,7.736754577608781,1.7547824536182528,15.415199198652228,5.953702872559541,38.639104590104836,24.106505907021734,60.69572377012683,15.506897869351928,73.6,0.0,238.0,107.77198151653332,246.02164359803209,237.147960662246,252.51247689925137,7.15480132608851,-1.6000045776367187,-3.0000076293945312,0.0,1.140179105382767,0.0,0.0
KP_MM_INV,workup_recommendation,radiology,1,False,218.21266401060961,70.39620528598931,479.7188187037433,166.63297039791348,7.736754577608781,1.7547824536182528,15.415199198652228,5.953702872559541,38.639104590104836,24.106505907021734,60.69572377012683,15.506897869351928,73.6,0.0,238.0,107.77198151653332,246.02164359803209,237.147960662246,252.51247689925137,7.15480132608851,-1.6000045776367187,-3.0000076293945312,0.0,1.140179105382767,0.0,0.0
KP_MM_INV,lymph_node,radiology,1,False,218.21266401060961,70.39620528598931,479.7188187037433,166.63297039791348,7.736754577608781,1.7547824536182528,15.415199198652228,5.953702872559541,38.639104590104836,24.106505907021734,60.69572377012683,15.506897869351928,73.6,0.0,238.0,107.77198151653332,246.02164359803209,237.147960662246,252.51247689925137,7.15480132608851,-1.6000045776367187,-3.0000076293945312,0.0,1.140179105382767,0.0,0.0
KP_MM_INV,chronology_preserved,radiology,3,True,218.21266401060961,70.39620528598931,479.7188187037433,166.63297039791348,7.736754577608781,1.7547824536182528,15.415199198652228,5.953702872559541,38.639104590104836,24.106505907021734,60.69572377012683,15.506897869351928,73.6,0.0,238.0,107.77198151653332,246.02164359803209,237.147960662246,252.51247689925137,7.15480132608851,-1.6000045776367187,-3.0000076293945312,0.0,1.140179105382767,0.0,0.0
KP_MM_INV,biopsy_method,pathology,1,False,152.2373628395009,67.65883977925134,209.28355464898397,49.7865354807446,7.878317942928558,1.6928948064234002,12.166823195858928,3.8280721215907567,40.14057444918873,23.760547942196357,51.53319552785408,9.207994589759748,80.66666666666667,0.0,165.0,54.08758329475136,241.5183905825312,233.9880919546524,252.58342378096256,6.170897847929555,-0.6666704813639323,-2.0000076293945312,0.9999923706054688,1.21106140159859,0.0,0.16666666666666666
KP_MM_INV,invasive_component_size,pathology,1,False,152.2373628395009,67.65883977925134,209.28355464898397,49.7865354807446,7.878317942928558,1.6928948064234002,12.166823195858928,3.8280721215907567,40.14057444918873,23.760547942196357,51.53319552785408,9.207994589759748,80.66666666666667,0.0,165.0,54.08758329475136,241.5183905825312,233.9880919546524,252.58342378096256,6.170897847929555,-0.6666704813639323,-2.0000076293945312,0.9999923706054688,1.21106140159859,0.0,0.16666666666666666
KP_MM_INV,histologic_diagnosis,pathology,1,False,152.2373628395009,67.65883977925134,209.28355464898397,49.7865354807446,7.878317942928558,1.6928948064234002,12.166823195858928,3.8280721215907567,40.14057444918873,23.760547942196357,51.53319552785408,9.207994589759748,80.66666666666667,0.0,165.0,54.08758329475136,241.5183905825312,233.9880919546524,252.58342378096256,6.170897847929555,-0.6666704813639323,-2.0000076293945312,0.9999923706054688,1.21106140159859,0.0,0.16666666666666666
KP_MM_INV,receptor_status,pathology,1,False,152.2373628395009,67.65883977925134,209.28355464898397,49.7865354807446,7.878317942928558,1.6928948064234002,12.166823195858928,3.8280721215907567,40.14057444918873,23.760547942196357,51.53319552785408,9.207994589759748,80.66666666666667,0.0,165.0,54.08758329475136,241.5183905825312,233.9880919546524,252.58342378096256,6.170897847929555,-0.6666704813639323,-2.0000076293945312,0.9999923706054688,1.21106140159859,0.0,0.16666666666666666
GP_MC_INV,lesion_size,radiology,1,False,295.37221882208144,24.52818787935829,653.793078951016,209.69502974006312,8.744681049816386,0.8173115026335857,16.63002810159418,5.7177861325887855,43.48345185488234,12.919284132082192,61.99183473431009,16.834393723684673,105.38461538461539,0.0,249.0,103.49842064941416,244.85269209826407,236.99115288641713,254.21821961582887,6.374491240811937,0.0769183819110577,-5.000007629394531,3.0,2.3259962305083586,0.07692307692307693,0.07692307692307693
GP_MC_INV,laterality,radiology,1,False,295.37221882208144,24.52818787935829,653.793078951016,209.69502974006312,8.744681049816386,0.8173115026335857,16.63002810159418,5.7177861325887855,43.48345185488234,12.919284132082192,61.99183473431009,16.834393723684673,105.38461538461539,0.0,249.0,103.49842064941416,244.85269209826407,236.99115288641713,254.21821961582887,6.374491240811937,0.0769183819110577,-5.000007629394531,3.0,2.3259962305083586,0.07692307692307693,0.07692307692307693
GP_MC_INV,lesion_location,radiology,1,False,295.37221882208144,24.52818787935829,653.793078951016,209.69502974006312,8.744681049816386,0.8173115026335857,16.63002810159418,5.7177861325887855,43.48345185488234,12.919284132082192,61.99183473431009,16.834393723684673,105.38461538461539,0.0,249.0,103.49842064941416,244.85269209826407,236.99115288641713,254.21821961582887,6.374491240811937,0.0769183819110577,-5.000007629394531,3.0,2.3259962305083586,0.07692307692307693,0.07692307692307693
GP_MC_INV,accurate_clip_placement,radiology,1,False,295.37221882208144,24.52818787935829,653.793078951016,209.69502974006312,8.744681049816386,0.8173115026335857,16.63002810159418,5.7177861325887855,43.48345185488234,12.919284132082192,61.99183473431009,16.834393723684673,105.38461538461539,0.0,249.0,103.49842064941416,244.85269209826407,236.99115288641713,254.21821961582887,6.374491240811937,0.0769183819110577,-5.000007629394531,3.0,2.3259962305083586,0.07692307692307693,0.07692307692307693
GP_MC_INV,workup_recommendation,radiology,1,False,295.37221882208144,24.52818787935829,653.793078951016,209.69502974006312,8.744681049816386,0.8173115026335857,16.63002810159418,5.7177861325887855,43.48345185488234,12.919284132082192,61.99183473431009,16.834393723684673,105.38461538461539,0.0,249.0,103.49842064941416,244.85269209826407,236.99115288641713,254.21821961582887,6.374491240811937,0.0769183819110577,-5.000007629394531,3.0,2.3259962305083586,0.07692307692307693,0.07692307692307693
GP_MC_INV,chronology_preserved,radiology,1,False,295.37221882208144,24.52818787935829,653.793078951016,209.69502974006312,8.744681049816386,0.8173115026335857,16.63002810159418,5.7177861325887855,43.48345185488234,12.919284132082192,61.99183473431009,16.834393723684673,105.38461538461539,0.0,249.0,103.49842064941416,244.85269209826407,236.99115288641713,254.21821961582887,6.374491240811937,0.0769183819110577,-5.000007629394531,3.0,2.3259962305083586,0.07692307692307693,0.07692307692307693
GP_MC_INV,biopsy_method,pathology,3,True,287.6340894041592,54.41884321540107,562.2440476474866,180.34915760690538,9.933537053331944,1.40631506637754,18.022269188059575,5.789887467022582,44.3428480323378,17.6650065800159,57.933627915454984,15.28239856343844,113.33333333333333,0.0,215.0,81.992377694515,243.1329093475936,236.8009241257754,253.609354068877,6.344425255533379,-0.4444478352864583,-5.000007629394531,3.0,2.351124375919685,0.2222222222222222,0.2222222222222222
GP_MC_INV,invasive_component_size,pathology,1,False,287.6340894041592,54.41884321540107,562.2440476474866,180.34915760690538,9.933537053331944,1.40631506637754,18.022269188059575,5.789887467022582,44.3428480323378,17.6650065800159,57.933627915454984,15.28239856343844,113.33333333333333,0.0,215.0,81.992377694515,243.1329093475936,236.8009241257754,253.609354068877,6.344425255533379,-0.4444478352864583,-5.000007629394531,3.0,2.351124375919685,0.2222222222222222,0.2222222222222222
GP_MC_INV,histologic_diagnosis,pathology,1,False,287.6340894041592,54.41884321540107,562.2440476474866,180.34915760690538,9.933537053331944,1.40631506637754,18.022269188059575,5.789887467022582,44.3428480323378,17.6650065800159,57.933627915454984,15.28239856343844,113.33333333333333,0.0,215.0,81.992377694515,243.1329093475936,236.8009241257754,253.609354068877,6.344425255533379,-0.4444478352864583,-5.000007629394531,3.0,2.351124375919685,0.2222222222222222,0.2222222222222222
GP_MC_INV,receptor_status,pathology,1,False,287.6340894041592,54.41884321540107,562.2440476474866,180.34915760690538,9.933537053331944,1.40631506637754,18.022269188059575,5.789887467022582,44.3428480323378,17.6650065800159,57.933627915454984,15.28239856343844,113.33333333333333,0.0,215.0,81.992377694515,243.1329093475936,236.8009241257754,253.609354068877,6.344425255533379,-0.4444478352864583,-5.000007629394531,3.0,2.351124375919685,0.2222222222222222,0.2222222222222222
AT_RW_INV,lesion_size,radiology,1,False,401.80994608256685,38.3764154455615,610.1498150879145,223.29846187897343,10.455658185569861,0.9589879421673396,15.875227194818368,5.738791798183482,51.058519945628916,22.571925413558965,64.55186996374238,12.96414743324661,142.625,0.0,253.0,94.89082072119967,241.85368787764708,235.0710439084492,252.8347359965775,5.552973537809555,0.4999961853027344,-3.0000076293945312,4.0,2.070197204509253,0.125,0.125
AT_RW_INV,laterality,radiology,1,False,401.80994608256685,38.3764154455615,610.1498150879145,223.29846187897343,10.455658185569861,0.9589879421673396,15.875227194818368,5.738791798183482,51.058519945628916,22.571925413558965,64.55186996374238,12.96414743324661,142.625,0.0,253.0,94.89082072119967,241.85368787764708,235.0710439084492,252.8347359965775,5.552973537809555,0.4999961853027344,-3.0000076293945312,4.0,2.070197204509253,0.125,0.125
AT_RW_INV,lesion_location,radiology,1,False,401.80994608256685,38.3764154455615,610.1498150879145,223.29846187897343,10.455658185569861,0.9589879421673396,15.875227194818368,5.738791798183482,51.058519945628916,22.571925413558965,64.55186996374238,12.96414743324661,142.625,0.0,253.0,94.89082072119967,241.85368787764708,235.0710439084492,252.8347359965775,5.552973537809555,0.4999961853027344,-3.0000076293945312,4.0,2.070197204509253,0.125,0.125
AT_RW_INV,calcifications_asymmetry,radiology,1,False,401.80994608256685,38.3764154455615,610.1498150879145,223.29846187897343,10.455658185569861,0.9589879421673396,15.875227194818368,5.738791798183482,51.058519945628916,22.571925413558965,64.55186996374238,12.96414743324661,142.625,0.0,253.0,94.89082072119967,241.85368787764708,235.0710439084492,252.8347359965775,5.552973537809555,0.4999961853027344,-3.0000076293945312,4.0,2.070197204509253,0.125,0.125
AT_RW_INV,accurate_clip_placement,radiology,1,False,401.80994608256685,38.3764154455615,610.1498150879145,223.29846187897343,10.455658185569861,0.9589879421673396,15.875227194818368,5.738791798183482,51.058519945628916,22.571925413558965,64.55186996374238,12.96414743324661,142.625,0.0,253.0,94.89082072119967,241.85368787764708,235.0710439084492,252.8347359965775,5.552973537809555,0.4999961853027344,-3.0000076293945312,4.0,2.070197204509253,0.125,0.125
AT_RW_INV,workup_recommendation,radiology,1,False,401.80994608256685,38.3764154455615,610.1498150879145,223.29846187897343,10.455658185569861,0.9589879421673396,15.875227194818368,5.738791798183482,51.058519945628916,22.571925413558965,64.55186996374238,12.96414743324661,142.625,0.0,253.0,94.89082072119967,241.85368787764708,235.0710439084492,252.8347359965775,5.552973537809555,0.4999961853027344,-3.0000076293945312,4.0,2.070197204509253,0.125,0.125
AT_RW_INV,lymph_node,radiology,1,False,401.80994608256685,38.3764154455615,610.1498150879145,223.29846187897343,10.455658185569861,0.9589879421673396,15.875227194818368,5.738791798183482,51.058519945628916,22.571925413558965,64.55186996374238,12.96414743324661,142.625,0.0,253.0,94.89082072119967,241.85368787764708,235.0710439084492,252.8347359965775,5.552973537809555,0.4999961853027344,-3.0000076293945312,4.0,2.070197204509253,0.125,0.125
AT_RW_INV,chronology_preserved,radiology,1,False,401.80994608256685,38.3764154455615,610.1498150879145,223.29846187897343,10.455658185569861,0.9589879421673396,15.875227194818368,5.738791798183482,51.058519945628916,22.571925413558965,64.55186996374238,12.96414743324661,142.625,0.0,253.0,94.89082072119967,241.85368787764708,235.0710439084492,252.8347359965775,5.552973537809555,0.4999961853027344,-3.0000076293945312,4.0,2.070197204509253,0.125,0.125
AT_RW_INV,biopsy_method,pathology,1,False,235.01642547043545,72.27111528042781,470.84265176299465,147.57123407584376,9.290833840253287,1.8322876200795029,12.088893005258218,3.4558796426529166,43.32415166549156,24.34932966891294,58.682453285080335,11.629420548515778,114.0,0.0,236.0,71.57979230667456,240.5556475893048,236.04881108192512,252.4531896402139,5.531828982322243,0.8571384974888393,-2.0000076293945312,4.0,1.8644554457675093,0.0,0.0
AT_RW_INV,invasive_component_size,pathology,1,False,235.01642547043545,72.27111528042781,470.84265176299465,147.57123407584376,9.290833840253287,1.8322876200795029,12.088893005258218,3.4558796426529166,43.32415166549156,24.34932966891294,58.682453285080335,11.629420548515778,114.0,0.0,236.0,71.57979230667456,240.5556475893048,236.04881108192512,252.4531896402139,5.531828982322243,0.8571384974888393,-2.0000076293945312,4.0,1.8644554457675093,0.0,0.0
AT_RW_INV,histologic_diagnosis,pathology,1,False,235.01642547043545,72.27111528042781,470.84265176299465,147.57123407584376,9.290833840253287,1.8322876200795029,12.088893005258218,3.4558796426529166,43.32415166549156,24.34932966891294,58.682453285080335,11.629420548515778,114.0,0.0,236.0,71.57979230667456,240.5556475893048,236.04881108192512,252.4531896402139,5.531828982322243,0.8571384974888393,-2.0000076293945312,4.0,1.8644554457675093,0.0,0.0
AT_RW_INV,receptor_status,pathology,3,True,235.01642547043545,72.27111528042781,470.84265176299465,147.57123407584376,9.290833840253287,1.8322876200795029,12.088893005258218,3.4558796426529166,43.32415166549156,24.34932966891294,58.682453285080335,11.629420548515778,114.0,0.0,236.0,71.57979230667456,240.5556475893048,236.04881108192512,252.4531896402139,5.531828982322243,0.8571384974888393,-2.0000076293945312,4.0,1.8644554457675093,0.0,0.0
