case_folder,original_filename,doc_type,case_id,n_pages,total_pages,pct_blurry,pct_low_contrast,laplacian_var_mean,tenengrad_mean,rms_contrast_mean,intensity_spread_p95_p5_mean,mean_brightness_mean,skew_angle_deg_mean,laplacian_var_min,tenengrad_min,rms_contrast_min,intensity_spread_p95_p5_min,mean_brightness_min,skew_angle_deg_min,laplacian_var_max,tenengrad_max,rms_contrast_max,intensity_spread_p95_p5_max,mean_brightness_max,skew_angle_deg_max,laplacian_var_std,tenengrad_std,rms_contrast_std,intensity_spread_p95_p5_std,mean_brightness_std,skew_angle_deg_std,contains_fabrication_domain
AB_NP_DCIS,imaging_MRI_external_read.pdf,radiology,CASE_B0853DE011AC,2,2,0.0,0.0,421.6539838787879,13.601793168356195,67.05203491349415,251.5,233.3512221952862,-2.5000038146972656,259.400020983165,8.006795642611655,59.3054780979217,248.0,227.5010484511785,-5.000007629394531,583.9079467744108,19.196790694100734,74.79859172906662,255.0,239.20139593939393,0.0,229.46175487577085,7.912521382351838,10.955285710276302,4.949747468305833,8.273395051156138,3.535539300729347,True
AB_NP_DCIS,imaging_mammo2_external_read.pdf,radiology,CASE_87B2FE851718,2,2,0.0,0.0,409.7479958518519,13.279884202467112,65.3106319215489,253.0,234.9016009057239,0.0,374.4987352727273,12.043178151070114,63.56540348987748,252.0,233.6300942154882,0.0,444.9972564309765,14.516590253864113,67.05586035322033,254.0,236.1731075959596,0.0,49.84998237462132,1.7489664705545138,2.4681257175088502,1.4142135623730951,1.798182005979448,0.0,True
AB_NP_DCIS,imaging_mammo_external_read.pdf,radiology,CASE_C5FD2A6D54D1,8,8,0.0,0.0,372.034540047138,12.086531357097584,62.13847229476946,200.25,236.65073630218856,-0.3750019073486328,192.0447493872054,5.970574954349319,48.61916702360546,20.0,233.03199832323233,-6.0,473.6795880942761,15.785627690203611,67.59229942557015,254.0,244.39248529292928,4.0,111.30349696625068,3.735980022340005,7.454067370648304,97.84499403210599,4.446046225933996,3.461522962842378,True
AB_NP_DCIS,path_biopsy_external_read.pdf,pathology,CASE_F32C5E364DDC,4,4,0.0,0.0,342.0373616300954,11.36519809330396,65.92380404349419,249.5,234.4972664892167,-1.2500019073486328,280.2693315686331,8.8693012738469,59.3025724277189,243.0,229.22896976630668,-2.0000076293945312,409.89920666300566,14.06014639217002,73.47623079255337,255.0,239.05459834411897,-1.0,63.775823330261986,2.603270380879792,7.664929008997617,6.4031242374328485,5.234654234668213,0.5000038146972656,False
AB_NP_DCIS,path_biopsy_external_read2.pdf,pathology,CASE_9913CA6C25C1,4,4,0.25,0.25,224.3388985086631,5.818489608592564,35.24494582344001,14.0,248.58834149818182,-1.9073486328125e-06,47.37299603850268,1.1896625224379072,23.342724698815417,0.0,245.6057137831016,-3.0000076293945312,431.01374850053475,10.903388391833747,44.80412944947203,25.0,252.63248454502673,3.0,192.52014428151512,4.826307426088105,10.77331353095425,10.36018017861337,3.394130652799541,2.4494928574714425,False
AB_NP_DCIS,path_biopsy_internal_read.pdf,pathology,CASE_29FB9814C8F8,2,2,0.0,0.0,509.45693954737965,13.540320558183936,56.24680668538288,185.0,239.85115359828876,0.4999961853027344,420.063954686631,10.963480726189976,56.02692591220485,177.0,239.7231771653476,0.0,598.8499244081283,16.117160390177897,56.466687458560905,193.0,239.97913003122991,0.9999923706054688,126.4207715710835,3.644201838469066,0.31095837153344713,11.313708498984761,0.18098600712951016,0.7071013863899381,False
AH_UD_INV,Imaging_External1.pdf,radiology,CASE_157DB94F00AF,4,4,0.25,0.25,101.43814466395722,4.614515868725524,29.054994822304053,26.75,249.27570109946524,0.9999980926513672,58.11967570139038,1.7194888934626458,19.253595982092232,0.0,244.69639033839573,-1.0,148.87909031016042,7.983808236060856,38.86408921894185,65.0,252.9979922960428,4.999992370605469,45.09770736083579,3.276713724783306,8.928547916912223,32.28389691471586,4.112327982553962,2.708009045091209,True
AH_UD_INV,Imaging_External2.pdf,radiology,CASE_2697D6FC6201,4,4,0.25,0.25,105.38963070631016,4.729198874555861,29.570866506293772,27.5,249.1441647657754,0.7499961853027344,65.23100064171123,1.7191678698045132,20.705457288573236,0.0,244.63232507893048,-2.0000076293945312,151.25697108877006,8.083945344495106,38.9200689616856,66.0,252.76551936,4.999992370605469,45.15024617686229,3.3144130432155485,8.53499698898647,33.0,4.111652071098774,2.9860775337039622,True
AH_UD_INV,Imaging_External3.pdf,radiology,CASE_6EFCB71973F7,3,3,0.0,0.0,95.65511938281641,4.3637225871063805,26.573712624182576,16.333333333333332,250.25038557775403,2.6666641235351562,67.92846960256685,1.7179376712067544,24.203317593780884,0.0,248.1057002506952,0.0,120.3765714275936,6.804080081818937,29.05362117347628,34.0,252.4931349424599,4.999992370605469,26.35287946950124,2.54928646375582,2.427005585472882,17.039170558842745,2.195360610522748,2.5166079415419804,True
AH_UD_INV,Imaging_External4.pdf,radiology,CASE_9D471F127204,3,3,0.0,0.0,105.33098959629233,4.301098109522333,32.59037790063537,22.666666666666668,248.79790189975043,-1.6666717529296875,67.61381003636363,1.7104033703821948,24.1845840702908,0.0,245.70793728684492,-3.0000076293945312,135.80944384,6.569730690168426,38.79253054138255,49.0,252.49735293946523,0.0,34.669301631597556,2.445620274215847,7.5491755109374745,24.70492528491704,3.435497999469643,1.527529393828573,True
AH_UD_INV,Imaging_Internal_review.pdf,radiology,CASE_F92DD1EF27A9,3,3,0.0,0.0,399.7389572380749,10.509690148065618,54.9767064365847,164.0,240.88960755222817,0.33333079020182294,339.19069455058826,9.192919735100704,52.25533574750609,106.0,239.47872140320857,-1.0,499.4234013433155,12.571754765574063,58.25969875036927,239.0,242.50584517818183,1.9999923706054688,86.99057767082331,1.8085157254729938,3.041325024482101,68.11020481543129,1.523973920072565,1.5275210694766812,True
AH_UD_INV,Path_Biopsy.pdf,pathology,CASE_F0637C005FC2,10,10,0.4,0.5,146.74445801548663,5.513392365629125,31.642956208755596,50.0,247.99663530986095,-0.7000007629394531,39.90828962909091,1.2511627768316609,17.08992421424125,0.0,234.661679106738,-3.0000076293945312,408.7990782904813,16.31405385241121,57.08471381535787,190.0,253.5287632906952,0.0,128.3513891358335,5.27123883470845,15.380443101240497,73.79701890998038,6.848693746949764,0.9486853532516125,False
AH_UD_INV,Path_Internal_reivew.pdf,pathology,CASE_5A290308EC6F,2,2,0.0,0.0,442.9688600094118,11.766136777130768,54.1060546324364,130.5,241.09486564278075,2.0,348.53687452064173,8.920232144324782,51.98179803152289,86.0,239.5304347037433,0.0,537.4008454981819,14.612041409936754,56.2303112333499,175.0,242.65929658181815,4.0,133.54699460003792,4.024716928934649,3.0041524949724496,62.932503525602726,2.2124394513827883,2.8284271247461903,False
AT_RW_INV,Imaging_Bmmg_Rus_external.pdf,radiology,CASE_68A6EDCA5953,2,2,0.0,0.0,307.9811801531551,8.026860842340255,50.25948013845503,112.0,242.81427364962568,0.4999961853027344,76.23563283165775,2.2065102546348467,43.00029044510445,0.0,238.8524289368984,0.0,539.7267274746524,13.847211430045665,57.51866983180562,224.0,246.77611836235295,0.9999923706054688,327.73769604163743,8.231218738899203,10.266044516175386,158.39191898578665,5.602894524755044,0.7071013863899381,False
AT_RW_INV,Imaging_dxmmg_external.pdf,radiology,CASE_8D5B8DCA7422,2,2,0.5,0.5,205.29208350117648,5.426100652013056,39.91397450180558,96.5,245.49895892192512,-1.0000076293945312,38.3764154455615,0.9589879421673396,22.571925413558965,0.0,238.1631818472727,-3.0000076293945312,372.20775155679144,9.893213361858772,57.256023590052195,193.0,252.8347359965775,0.9999923706054688,236.05440153681627,6.317451378913041,24.525361019938334,136.47160876900367,10.37435542951904,2.8284271247461903,False
AT_RW_INV,Imaging_internal_review.pdf,radiology,CASE_6F82C55FD5FF,4,4,0.0,0.0,546.983260337968,14.184835623963068,57.03031257112752,181.0,239.55075946951874,1.2499980926513672,499.583736662246,12.971096893377242,53.923017134201054,149.0,235.0710439084492,-1.0,610.1498150879145,15.875227194818368,64.55186996374238,253.0,241.48194225967916,4.0,47.449494920541014,1.2721237838083015,5.0751316356214105,49.31531202375181,3.0107340806273686,2.2173549224208453,False
AT_RW_INV,Path_Biopsy.pdf,pathology,CASE_54B8A2C8FD5D,2,2,0.0,0.0,442.284621826738,11.467032737359705,56.735598473659735,194.5,239.95641997347593,0.9999961853027344,413.7265918904813,10.845172469461192,54.788743662239135,153.0,238.9357868765775,0.0,470.84265176299465,12.088893005258218,58.682453285080335,236.0,240.97705307037432,1.9999923706054688,40.38715325051104,0.8794432247630427,2.753268478282327,58.68986283848344,1.4433931678405714,1.4142081675764857,True
AT_RW_INV,Path_biopsy2.pdf,pathology,CASE_BBB1BD50A516,5,5,0.0,0.0,152.10914692791442,8.420354281410718,37.9595729422243,81.8,240.79533863563637,0.7999954223632812,72.27111528042781,1.8322876200795029,24.34932966891294,0.0,236.04881108192512,-2.0000076293945312,191.72309235679143,10.992135935655398,45.94640494141809,122.0,252.4531896402139,4.0,46.75520825025587,3.7955515952917622,8.663900840335073,47.83513353174631,6.717849377616909,2.167950450377245,True
DC_BF_invasive,imaging_US_internal.pdf,radiology,CASE_DC3E721E5308,5,5,0.2,0.2,336.038478596107,8.94727804344184,50.43941679090048,168.4,242.1513970789305,-0.6000015258789062,36.98147804406417,0.845542228926473,23.358211320490515,0.0,238.51130702716577,-5.000007629394531,509.3118781056684,13.162701937212825,58.63031935282516,246.0,252.74764032684493,4.0,184.7018136119829,4.860135488122844,15.203545643181997,96.38101472800544,5.980855113122827,3.2093639221315504,False
DC_BF_invasive,imaging_mammo1_internal.pdf,radiology,CASE_102EC7D7D708,3,3,0.0,0.0,331.5796909587165,8.970977017344616,56.06402813321923,138.66666666666666,239.9213881885205,-7.62939453125e-06,242.41078986609625,6.3060916129711675,47.04279118859062,15.0,233.80636200385027,-3.0000076293945312,460.6739695298395,12.282103366758552,66.86195949470586,255.0,245.01564006673797,1.9999923706054688,114.47807966738681,3.039967045814208,10.028326898077342,120.16793804228037,5.6739284284629035,2.6457513110645907,False
DC_BF_invasive,imaging_mammo2_internal.pdf,radiology,CASE_2ED4C4915381,5,5,0.0,0.0,352.3426585189305,9.383314915347214,53.57034401802265,173.4,241.27748607863106,0.1999969482421875,209.73551788491977,5.627211744522415,39.34554244411719,3.0,237.6551441317647,-2.0000076293945312,515.2955169129411,13.323689351018094,60.0183413589901,246.0,247.72993726973263,3.0,118.35302016970192,2.915141993990165,8.23621132313536,99.76622675033872,3.8439104362753453,1.9235397943878454,False
DC_BF_invasive,imaging_mammo_post_internal.pdf,radiology,CASE_E383753929E9,5,5,0.0,0.0,352.67019541629946,9.023219200343195,53.21290531204784,178.8,241.38763500423528,-1.8000015258789062,85.72169665026738,2.382439425025818,29.627167111285864,0.0,237.05163313967915,-4.0,503.63020597390374,12.643260515721758,62.412844961983744,253.0,250.9434277373262,0.0,160.9520385872172,3.955322029816012,13.574193386194175,110.25062358100294,5.613382408717608,1.6431690654489453,False
DC_BF_invasive,path_biopsy_internal.pdf,pathology,CASE_ADC5866D82B5,3,3,0.0,0.0,519.8755424650267,14.020928838400735,54.88286943470007,139.66666666666666,239.6279790111943,0.33333079020182294,320.7670075961497,8.400209397255717,47.33444532354593,39.0,233.8634139995722,0.0,786.6511329060962,20.84208246048414,65.08258166977296,252.0,244.6468905137968,0.9999923706054688,240.20018185112,6.307204848222876,9.166301461226922,106.97819092382022,5.430270785130632,0.5773458643566394,True
GM_DR_INV,Imaging_External.pdf,radiology,CASE_A5664E70EFB4,7,7,0.14285714285714285,0.0,139.6237952919175,4.974106650561834,33.96289381343425,13.142857142857142,248.77009092449197,-1.000002179827009,66.84554732834225,1.7342574487136249,23.92817502130109,0.0,246.79399775144384,-6.0,187.720861186738,7.008540431491088,38.30837049046129,28.0,252.5481918562567,3.0,50.68374396499205,2.238951360202162,4.92061485430235,10.621182787690069,2.056971366521901,2.886751345950529,False
GM_DR_INV,Imaging_External2.pdf,radiology,CASE_C00B770F8A1C,3,3,0.0,0.0,101.21666695985739,3.6384846757074896,26.360987724857306,6.333333333333333,251.1613724337968,1.833330790201823,69.65718744299465,1.7392349011139547,23.931952454871688,0.0,248.97826081540103,-0.5,152.68655845989304,6.471546585837644,30.720352843588746,19.0,252.5467667028877,4.0,44.95316998688967,2.5005394015491316,3.783546610404421,10.96965511460289,1.913327806282347,2.2546245944251964,False
GM_DR_INV,Path_Biopsy.pdf,pathology,CASE_A6002A41125B,21,21,0.09523809523809523,0.047619047619047616,761.2113431976776,25.87778242119564,59.764465125842946,175.14285714285714,233.4064833590629,-1.619050525483631,40.23549127871658,1.3602871512240944,20.832200752463383,0.0,215.2618945368984,-6.0,1629.8909321719786,56.68453360843088,85.14354055183028,255.0,253.02741793540108,0.0,486.37058742195205,17.493733430560752,18.941410621549647,100.81531913071828,11.340122431014686,1.6271522438112798,True
GM_XM_INV,Imaging_External.pdf,radiology,CASE_F46FEDF39945,4,4,0.25,0.25,163.95165296941178,6.249873979223183,36.93947031439555,57.5,246.60392460149734,-1.2500019073486328,67.28542229903744,1.6749672471000634,23.91242982242958,0.0,241.30089816983957,-3.0000076293945312,265.25414564278077,10.5253349495039,48.12255487604224,125.0,252.55732581989304,0.0,89.02035183496683,4.000101458318254,12.317509545810632,64.35578192102606,5.616549501399074,1.2583092760955756,False
GM_XM_INV,Imaging_External2.pdf,radiology,CASE_55C9B5552CC4,4,4,0.25,0.25,164.09997532406416,6.256181759527983,36.76503563902146,56.5,246.68263265711232,-1.2500019073486328,67.28994588748662,1.674902896539578,23.912622087189852,0.0,241.301458686631,-3.0000076293945312,265.26765483122995,10.525091925095245,48.121994011034175,125.0,252.55732041240643,0.0,88.11181265407156,3.9788830678864735,12.036287751435506,63.026449474274955,5.5128654947156255,1.2583092760955756,False
GM_XM_INV,Imaging_External3.pdf,radiology,CASE_485825FC921D,3,3,0.3333333333333333,0.0,289.1654357470232,8.887788535775448,42.624035256035484,95.33333333333333,244.4519476454902,-0.6666717529296875,66.61205977668449,1.6333364210674903,26.14918402415409,0.0,238.5227368521925,-2.0000076293945312,431.0150403559358,13.24148045611557,55.234501204494904,179.0,252.1181634737968,0.9999923706054688,195.1466297370481,6.324401889785885,14.922768646745931,90.06849245620431,6.962168923876486,1.5275243992228815,False
GM_XM_INV,Path_Biopsy.pdf,pathology,CASE_0744DE1058D8,2,2,0.0,0.0,163.54347314652406,7.887532055676383,51.19452417922133,119.5,215.40563678459893,-3.0000038146972656,70.66996286973261,1.7013332026248829,30.227571578527623,0.0,179.64376746438504,-5.000007629394531,256.4169834233155,14.073730908727883,72.16147677991503,239.0,251.16750610481284,-1.0,131.3429778186355,8.748606317522317,29.651748729534877,168.99852070358486,50.57492060846081,2.8284325195427993,True
GM_XM_INV,Path_Biopsy2.pdf,pathology,CASE_916A12122217,2,2,0.0,0.0,108.97838656342246,4.95681117576707,52.52081138745495,123.0,213.26782685433153,-4.0,70.49808430545454,1.6965692576894889,30.215230932097473,0.0,175.36461442737968,-7.0,147.45868882139038,8.217053093844651,74.82639184281243,246.0,251.1710392812834,-1.0,54.419365337434265,4.610678337162589,31.54485439657078,173.9482681718907,53.603237071703774,4.242640687119285,True
GM_XM_INV,Path_Biopsy3.pdf,pathology,CASE_C76A26C31C99,2,2,0.0,0.0,117.48841847101605,5.854163618335831,50.09764575529613,119.0,214.82656093775404,-3.0000038146972656,70.6059102459893,1.7003250830451648,30.221923921163302,0.0,178.48425490481284,-5.000007629394531,164.37092669604277,10.008002153626498,69.97336758942895,238.0,251.1688669706952,-1.0,66.301878969901,5.874414792516053,28.108515379785686,168.2914139223983,51.39578207969896,2.8284325195427993,True
GP_MC_INV,Imaging_External1.pdf,radiology,CASE_A4259E4FAB3F,2,2,0.0,0.0,247.42177628406415,8.115023019218448,40.163680197657484,83.0,246.31007638588235,1.4999923706054688,79.48460085390374,2.5554312257905583,25.6663749917998,0.0,240.58810041497327,0.9999923706054688,415.3589517142246,13.674614812646338,54.66098540351517,166.0,252.03205235679144,1.9999923706054688,237.49903111996258,7.86245011552388,20.502285639986013,117.37972567696688,8.092096021632587,0.7071067811865476,False
GP_MC_INV,Imaging_External2.pdf,radiology,CASE_0D93B35B5604,2,2,0.0,0.0,246.32066074010697,8.085686682091655,40.20147300129737,84.5,246.28428947850267,1.9999923706054688,76.02798234695187,2.4438209941383593,25.57431056053807,0.0,240.49942968812832,1.9999923706054688,416.61333913326206,13.727552370044952,54.82863544205667,169.0,252.069149268877,1.9999923706054688,240.83021535643965,7.978802972990963,20.685931502756148,119.50104602052653,8.181027171974163,0.0,False
GP_MC_INV,Imaging_External3.pdf,radiology,CASE_AA7750187745,2,2,0.0,0.0,189.19230221689838,6.26573702396518,32.22819752119436,5.0,249.62674213989305,-7.62939453125e-06,73.19506920727272,2.3202672531136064,24.138018277858805,0.0,246.8896421647059,-2.0000076293945312,305.1895352265241,10.211206794816754,40.31837676452991,10.0,252.36384211508025,1.9999923706054688,164.04486011996468,5.579736859871363,11.441241207954445,7.0710678118654755,3.8708439064807787,2.8284271247461903,False
GP_MC_INV,Imaging_External4.pdf,radiology,CASE_920BBBDDD84A,2,2,0.5,0.5,187.96372397176472,6.001794726810937,34.36886257559643,91.0,247.33351197775403,0.0,24.52818787935829,0.8173115026335857,12.919284132082192,0.0,240.44880433967916,0.0,351.39926006417113,11.186277950988288,55.81844101911067,182.0,254.21821961582887,0.0,231.13275171559863,7.331966489527401,30.334284742003423,128.69343417595164,9.73644691473909,0.0,False
GP_MC_INV,Imaging_External5.pdf,radiology,CASE_25E3464D0805,1,1,0.0,0.0,348.3912438690909,11.092854976404029,56.080296439881565,187.0,240.3470126340107,-1.0,348.3912438690909,11.092854976404029,56.080296439881565,187.0,240.3470126340107,-1.0,348.3912438690909,11.092854976404029,56.080296439881565,187.0,240.3470126340107,-1.0,,,,,,,False
GP_MC_INV,Imaging_Internal_Review.pdf,radiology,CASE_E8983FFA0D48,4,4,0.0,0.0,437.4126685980749,11.412878941759134,53.8200377705244,164.0,240.90718616983958,-1.2500038146972656,145.73451740406418,3.919210030407107,35.8474622526228,0.0,236.99115288641713,-5.000007629394531,653.793078951016,16.63002810159418,61.99183473431009,249.0,249.15167247058824,3.0,254.5459516562556,6.2969998216558505,12.278455302968869,116.941580856996,5.674753166915472,3.5000039963500065,False
GP_MC_INV,Path_Biopsy.pdf,pathology,CASE_1BF7C0D35B3C,5,5,0.2,0.2,215.86208711050267,8.960687362099383,42.43259061147978,102.2,242.99898867268448,-1.0000030517578125,54.41884321540107,1.40631506637754,17.6650065800159,0.0,236.8009241257754,-5.000007629394531,328.91683790716576,14.890698685642782,57.1587222864696,191.0,253.609354068877,0.9999923706054688,107.57235231644015,5.194061684843286,15.044660893254648,79.69127932214415,6.8640351239516875,2.345209506507253,True
GP_MC_INV,Path_Internal_review.pdf,pathology,CASE_6955F215D7EC,2,2,0.0,0.0,465.5541496470588,12.323101475313607,55.30404678595457,164.0,240.41907557304813,1.5,368.86425164663103,9.61832347314313,52.67446565645415,113.0,238.69543644406417,0.0,562.2440476474866,15.027879477484085,57.933627915454984,215.0,242.1427147020321,3.0,136.74016509667615,3.825133733877893,3.7187892966998497,72.12489168102785,2.437593832846067,2.1213203435596424,True
GP_MC_INV,Path_biopsy2.pdf,pathology,CASE_086B9CCC2862,2,2,0.5,0.5,289.14403489540103,9.976096859431681,38.15729283086606,90.5,246.18154480941178,-1.0000076293945312,58.76426646588235,1.9299245308037891,20.633685784859143,0.0,239.31844563508025,-3.0000076293945312,519.5238033249198,18.022269188059575,55.680899876872985,181.0,253.04464398374333,0.9999923706054688,325.8061930093984,11.379006032336676,24.782122746159715,127.9863273947651,9.705887932251262,2.8284271247461903,True
KP_MM_INV,Imaging_External1.pdf,radiology,CASE_21B5E0FE5846,3,3,0.0,0.0,145.46320029889483,5.81593285870932,33.31022696954191,43.333333333333336,247.68049994381462,-1.3333358764648438,70.39620528598931,1.7547824536182528,24.106505907021734,0.0,239.4525596680214,-3.0000076293945312,273.7696294057754,12.5020821572245,48.54841229804642,130.0,252.51247689925137,0.0,111.65131175466159,5.83473025277451,13.29145463220579,75.05553499465135,7.161688674925027,1.527529393828573,True
KP_MM_INV,Imaging_External2.pdf,radiology,CASE_4C5F26AE7624,2,2,0.0,0.0,327.3368595781818,10.617987155957971,46.63242102094922,119.0,243.5333590793583,-2.0000076293945312,174.9549004526203,5.820775113263714,32.5691182717716,0.0,237.147960662246,-2.0000076293945312,479.7188187037433,15.415199198652228,60.69572377012683,238.0,249.9187574964706,-2.0000076293945312,215.50063325635168,6.7842823323577575,19.88851347964582,168.2914139223983,9.030317042635906,0.0,True
KP_MM_INV,Path_Biopsy.pdf,pathology,CASE_A94DEB44131F,6,6,0.0,0.16666666666666666,152.2373628395009,7.878317942928558,40.14057444918873,80.66666666666667,241.5183905825312,-0.6666704813639323,67.65883977925134,1.6928948064234002,23.760547942196357,0.0,233.9880919546524,-2.0000076293945312,209.28355464898397,12.166823195858928,51.53319552785408,165.0,252.58342378096256,0.9999923706054688,49.7865354807446,3.8280721215907567,9.207994589759748,54.08758329475136,6.170897847929555,1.21106140159859,False
LK_SW_INV,Imaging_External.pdf,radiology,CASE_C2073BD75129,3,3,0.0,0.0,119.44490252320855,5.20309677246726,36.908594849454396,48.333333333333336,246.70211482923352,-1.0000025431315105,67.83026824898396,1.7144188724378835,23.976095220082723,0.0,243.61538430631015,-4.0,151.00677733304812,6.991096533935078,44.10975593692169,73.0,252.53767525304812,0.9999923706054688,45.06847886777648,3.021599143511889,11.223958952911179,41.86088070422472,5.056566849413352,2.6457484274266023,True
LK_SW_INV,Imaging_External2.pdf,radiology,CASE_0CF7747085B3,3,3,0.0,0.0,128.46687917404634,5.911106176139586,38.05599600949916,55.333333333333336,245.76829870317292,-1.3333358764648438,67.74359464385027,1.712235951972378,23.975280845250143,0.0,241.3474504966845,-3.0000076293945312,172.19247843251338,8.894481930029137,46.40647071256555,89.0,252.53795495700535,0.0,54.259407567923,3.7422231932081216,12.264432784402189,48.29423706130301,5.953530209175584,1.527529393828573,True
LK_SW_INV,Imaging_Internal_review.pdf,radiology,CASE_B7674804B627,4,4,0.0,0.0,458.57506976171123,11.871129682593999,56.099925773738754,188.5,239.65693427850266,-1.0000057220458984,104.74710703229948,2.776189056853398,36.06384959185305,0.0,235.66633356320855,-3.0000076293945312,732.6803749783958,18.77059892899296,64.11566887777902,253.0,249.20988906096255,0.9999923706054688,306.38694445240384,7.722761506517996,13.43803172416809,125.67285572734737,6.443817619800714,1.8257432512845024,True
LK_SW_INV,Path_biopsy.pdf,pathology,CASE_D00AB85CBEF3,4,4,0.0,0.0,125.58014685090909,6.028180142693644,37.93678458565316,57.25,245.8052497659893,-1.5000038146972656,67.68370208855615,1.7110194433755836,23.970002147000116,0.0,243.02760061262032,-3.0000076293945312,153.38174105326203,7.891345390974578,45.278675455028136,81.0,252.53889239614972,0.0,39.42274492112342,2.905914273349887,9.83052680940814,38.44801685392889,4.551450034842568,1.7320552124018636,False
LK_SW_INV,path.pdf,pathology,CASE_4877A6DB5B00,3,3,0.0,0.0,236.9067019134403,9.396982081881406,42.343872254215604,103.0,242.74541858224597,-2.3333358764648438,68.59398666951871,1.73271968132569,23.976567509017837,0.0,237.0719028568984,-4.0,339.676454824385,14.50074300267814,54.15913816429872,168.0,252.53577528128343,0.0,146.94671166368454,6.758160308437198,16.12277279232371,90.21640649017229,8.514348025034126,2.0816672211512954,False
MET_KS,MMG.pdf,radiology,CASE_2660C0FD9C85,3,3,0.3333333333333333,0.3333333333333333,147.2123493031016,5.583774870983504,35.652461630164744,46.666666666666664,247.16786232128342,-1.666669209798177,49.810076009411766,1.283278772676701,19.34951741443952,0.0,242.89155113754012,-5.000007629394531,199.18901781903745,8.200450466553512,45.70206067986018,92.0,253.3743604295187,0.0,84.41641570873175,3.7534323857930683,14.245784585732656,46.01449047129973,5.501503325056523,2.8867557507811155,True
MET_KS,US bx.pdf,radiology,CASE_323E93C6E268,3,3,0.3333333333333333,0.3333333333333333,195.14788516278074,7.946614628408057,37.50620720093624,79.66666666666667,245.26445630516935,-1.3333333333333333,49.507337391229946,1.275898079516008,19.300091391792108,0.0,240.66503578695188,-4.0,281.67501383187164,11.678465421064269,47.7698617976364,125.0,253.3825746002139,0.0,126.87101613232598,5.790600208419103,15.809616514126917,69.21223398600375,7.051232083841283,2.3094010767585034,True
MET_KS,dx MMG.pdf,radiology,CASE_454841E85B01,3,3,0.3333333333333333,0.3333333333333333,164.80999771721926,6.366188955009121,36.36687068208645,61.333333333333336,246.54828145169338,0.33333079020182294,49.50726913368984,1.2759320032849968,19.302053466193417,0.0,242.7979925150802,0.0,247.46412283893048,9.878468517662704,46.264693810644864,95.0,253.38226023358288,0.9999923706054688,102.93773585631652,4.513138387044413,14.841507563990168,53.200877185750734,5.927776824462073,0.5773458643566394,True
MET_KS,path.pdf,pathology,CASE_4EFBC3A20178,2,2,0.0,0.0,186.5512945557219,8.73067857396949,43.9733223627441,112.0,242.3758873257754,-2.5000076293945312,168.91806479058823,8.634648203619358,36.24986887803517,80.0,239.6997978352941,-3.0000076293945312,204.1845243208556,8.826708944319622,51.69677584745303,144.0,245.05197681625668,-2.0000076293945312,24.93715268229299,0.13580745214886744,10.922612666433109,45.254833995939045,3.784562051562734,0.7071067811865476,False
MET_MM,L MMG.pdf,radiology,CASE_A243FE8B07F3,2,2,0.0,0.0,318.71132213390376,8.251463491930249,47.06960603204091,104.0,243.8450207418182,0.4999961853027344,147.13903711828877,3.7659877607982057,37.289961344298945,0.0,238.77232068449197,0.0,490.28360714951873,12.73693922306229,56.84925071978287,208.0,248.9177207991444,0.9999923706054688,242.63985239642486,6.343420612662309,13.830506152594678,147.07821048680188,7.173881218921511,0.7071013863899381,True
MET_MM,MMG.pdf,radiology,CASE_2DF60B644EB4,2,2,0.0,0.0,331.9346119871658,8.607303270437198,47.76260002727153,103.0,243.58615338438503,0.0,160.9229176744385,4.124830746787915,38.68280658047537,0.0,238.72864897368984,0.0,502.946306299893,13.08977579408648,56.8423934740677,206.0,248.4436577950802,0.0,241.8470574214608,6.339173435909569,12.840767036005483,145.6639969244288,6.869548616892259,0.0,True
MET_MM,MSK review.pdf,radiology,CASE_306E05801DF4,5,5,0.0,0.0,584.1821670208343,15.011257415857221,62.38710836715573,211.0,236.42255350006417,-0.8000030517578125,328.9814405612834,8.566069419045757,48.78676741959056,43.0,232.58764346181815,-4.0,782.5747535948664,19.880273682787756,68.76382681760911,255.0,244.06942848,1.9999923706054688,191.81893508115547,4.6575399341963335,8.393990310350274,93.94679345246436,4.801117352130363,2.280349511917381,True
MET_MM,US.pdf,radiology,CASE_C70630E56F1A,6,6,0.16666666666666666,0.16666666666666666,207.35810085875224,8.700341612249968,57.04649097534559,121.0,230.17173497953652,-2.3333346048990884,59.71869882181818,1.5147350986780193,21.888385407172848,0.0,185.18011235251336,-6.0,305.1429592847059,16.94984619766201,103.00630072988316,255.0,252.93921456598932,0.0,103.57197618160127,5.682340278716518,33.265781391044776,114.7379623315666,27.49148659416804,2.422120703264306,True
MET_MM,stc bx.pdf,pathology,CASE_0452A5CF5F5A,4,4,0.0,0.0,191.29894962652406,7.157213902776077,41.85233751616663,74.75,244.42900528598932,-1.25,70.65247826139037,1.7822351906318168,24.510554806234016,0.0,236.94825704727273,-4.0,323.1824008624599,13.036275867304209,54.3072714028123,164.0,252.4279961668449,0.0,113.62898354286585,5.0961915378166704,13.039253499414588,80.82646018889277,6.798918571715649,1.8929694486000912,False
MET_MW,MMG.pdf,radiology,CASE_C77ECFBBCB1A,2,2,0.0,0.0,432.50156255144384,11.127221420283032,57.25326010920102,163.5,239.250577108877,-0.5000076293945312,303.4245789980749,7.700356586869761,52.24715179715118,80.0,235.7284803833155,-2.0000076293945312,561.5785461048129,14.554086253696305,62.25936842125087,247.0,242.7726738344385,0.9999923706054688,182.54242073138334,4.846318723832465,7.079706269609568,118.08683245815344,4.980996957278947,2.1213203435596424,True
MET_MW,MRI.pdf,radiology,CASE_55C2B1B90890,2,2,0.0,0.0,357.35439583144387,9.499725389553337,44.3245520606454,99.5,244.63028759272726,0.4999961853027344,126.73198860320856,3.366992316509774,33.28877628521502,0.0,239.21498378267376,0.0,587.9768030596791,15.6324584625969,55.360327836075776,199.0,250.04559140278076,0.9999923706054688,326.1493360893013,8.672994286312235,15.6069437729221,140.71424945612296,7.658396092548357,0.7071013863899381,True
MET_MW,MSK review.pdf,radiology,CASE_0B09FA0516C1,4,4,0.0,0.0,468.78264251550803,12.08085387542304,58.52653427188795,190.25,238.48811308320856,-0.5000038146972656,143.4936479897326,3.7474321211512738,40.11133940953425,0.0,234.37575660834224,-3.0000076293945312,704.5609453929412,17.873786871948624,66.1713661472476,254.0,247.8460595542246,0.9999923706054688,263.2497987738766,6.566393027981333,12.351144448587394,126.83420937060579,6.294556500358024,1.732052275851518,True
MET_MW,US bx.pdf,radiology,CASE_FF5EBF417289,2,2,0.0,0.0,380.2479873642781,9.906065887956103,51.32087356144061,86.0,242.36977292663101,-2.0,316.1018872059893,8.054270104774174,48.63849944467181,25.0,240.3620395259893,-4.0,444.3940875225669,11.757861671138034,54.0032476782094,147.0,244.37750632727273,0.0,90.71628481719495,2.6188347113211923,3.7934498552929843,86.2670273047588,2.8393638048169634,2.8284271247461903,True
MET_MW,path.pdf,pathology,CASE_4F0D7FBB7AD6,5,5,0.0,0.0,338.62797824,8.626758684940045,42.18163516011366,27.4,246.32492921702675,-0.4000030517578125,90.86067235593583,2.6966522249115386,31.414625282010345,6.0,242.8626502160428,-2.0000076293945312,474.4055199897326,11.84229880714969,51.45252179891746,74.0,249.54426125005347,0.9999923706054688,154.63720430293748,3.6524806528296114,7.377110215043937,26.940675566882135,2.49544121860996,1.1401757596778295,False
MET_MW,post MMG.pdf,radiology,CASE_5568A7B23D47,2,2,0.0,0.0,311.8670898104813,8.181775461934528,45.136693509116526,109.0,244.42083477903745,-0.5,136.34659582631016,3.5580784590525942,33.160845830756706,0.0,238.7192302887701,-1.0,487.3875837946524,12.80547246481646,57.11254118747634,218.0,250.1224392693048,0.0,248.22346306684005,6.538895009779462,16.936406207650798,154.14927829866735,8.063286397423434,0.7071067811865476,True
ML_WY_INV,Imaging_External.pdf,radiology,CASE_83D454335539,3,3,0.0,0.0,181.44433123707665,6.665290006092867,40.99492227085637,83.66666666666667,245.01138506609627,-1.6666717529296875,70.22671494160427,1.7509939808007209,24.121902393439218,0.0,240.17922813946524,-3.0000076293945312,261.91365410224597,9.533095102395546,52.42959891613672,148.0,252.50939754780748,0.0,99.47393539440822,4.275671679222925,14.916873111955507,75.87050371081857,6.583187585814232,1.527529393828573,False
ML_WY_INV,Imaging_External2.pdf,radiology,CASE_286D674971BE,3,3,0.0,0.3333333333333333,183.22308264841354,6.70994580163975,41.26898484333851,86.33333333333333,244.87241183144386,-1.6666717529296875,67.79566638545455,1.6914326035651717,23.928064745717535,0.0,240.086963542246,-3.0000076293945312,266.4790410814973,9.656073402195744,52.58289797231122,150.0,252.55185738609623,0.0,103.17472010781813,4.368061619460571,15.24855654024588,77.5263396100534,6.717500261552471,1.527529393828573,False
ML_WY_INV,Imaging_External3.pdf,radiology,CASE_997683864BFC,3,3,0.0,0.0,154.23273596121211,5.974910066978002,33.83871334342536,35.333333333333336,247.93512459864527,-0.6666692097981771,70.46206472213903,1.7576080561909708,24.138328094527413,0.0,244.84969477475937,-2.0000076293945312,205.3357873831016,9.23511644052257,38.91228455938437,72.0,252.50548554609625,0.0,73.13077535823479,3.829530905157805,8.403749370246757,36.018513757973594,4.038136750398747,1.1547049432122378,False
ML_WY_INV,Imaging_External4.pdf,radiology,CASE_E3804505DFDB,3,3,0.0,0.0,158.07312700691622,6.059254362523061,34.59917945081482,38.0,247.67421887885916,-0.6666692097981771,70.45030490352941,1.7572495491473163,24.135288422934465,0.0,244.1984202404278,-2.0000076293945312,209.58205303101604,9.305414641087598,40.39854291425264,79.0,252.5061010344385,0.0,76.27300277143775,3.8832724376567347,9.079742546566417,39.585350825778974,4.316666760696717,1.1547049432122378,False
ML_WY_INV,Imaging_External5.pdf,radiology,CASE_F651C48347EE,3,3,0.0,0.0,178.966978103672,6.933078835767282,36.64041858402581,60.333333333333336,246.52206471073086,-1.3333358764648438,70.44525086117648,1.7572469464956768,24.135053542982423,0.0,241.99578558973263,-2.0000076293945312,273.54771751700537,10.538199646620036,47.04285136573959,113.0,252.50613254160427,-1.0,102.26639891313353,4.596371672238451,11.597781828331499,56.88878038184096,5.404693257175579,0.5773546740226121,False
ML_WY_INV,Imaging_External6.pdf,radiology,CASE_0AEA1D0571B1,4,4,0.0,0.0,126.36926724791445,4.852007809992564,31.283571296598215,18.5,249.16614458352942,-1.5,70.00244456727273,1.7464348066352384,24.111963390675474,0.0,246.23057854973263,-4.0,176.61827195208556,7.447842611916168,37.408081620600015,47.0,252.5113711093048,0.0,44.51142785679412,2.3466722803289057,5.523447522836702,20.141168453361058,2.5754293439217415,1.7320508075688772,False
ML_WY_INV,Path_Biopsy.pdf,pathology,CASE_499E8338AA56,3,3,0.3333333333333333,0.3333333333333333,147.2152372112656,5.978165805322874,36.77252400502316,68.66666666666667,244.85060892292336,-0.3333384195963542,54.73227537796792,1.4000542174357655,19.54512321073539,0.0,231.79090730438503,-2.0000076293945312,285.9267052560428,12.853510368355138,58.821422934405206,199.0,253.3343476226738,1.9999923706054688,122.33365110046628,6.062456099373331,20.077152766164946,112.9262296073562,11.477566495669203,2.0816647777895736,True
TM_FS_DCIS,Imaging_External1.pdf,radiology,CASE_5044A2F3F950,3,3,0.3333333333333333,0.3333333333333333,174.45758865568624,6.596918092196084,38.198852727383134,62.333333333333336,246.1423169597148,-1.3333358764648438,67.07510975657755,1.6798136669090584,23.750671831301982,0.0,242.3050816,-3.0000076293945312,269.3984712419251,10.651419972384762,45.70150840591652,107.0,252.58598356192513,0.0,101.73387164456078,4.547580927066659,12.515592155070122,55.644706247165445,5.6142095751825645,1.527529393828573,True
TM_FS_DCIS,Imaging_External2.pdf,radiology,CASE_42144997CDCF,3,3,0.3333333333333333,0.3333333333333333,176.22580845518715,6.636264877542344,38.53461290975234,64.33333333333333,246.00730794438505,-1.6666717529296875,67.32650044235294,1.6862840936477783,23.767961935599867,0.0,242.26622535871655,-3.0000076293945312,271.5259137095187,10.70520186452828,46.05049514695578,107.0,252.5820386909091,0.0,102.77671833354982,4.573554205268525,12.788981860818042,56.69509091035426,5.711932475161145,1.527529393828573,True
TM_FS_DCIS,Imaging_External3.pdf,radiology,CASE_1C21AF09F36B,3,3,0.3333333333333333,0.3333333333333333,170.3993718006417,6.562065302284559,36.31891403700514,53.0,246.67572135244208,-2.3333333333333335,67.34735891165775,1.6886468102501169,23.778048786552688,0.0,240.25741421518717,-6.0,261.78186218096255,10.956783713005212,48.90096399057802,130.0,252.57967779593585,0.0,97.74112405779091,4.65257517273392,12.561508238344237,68.24221567329127,6.17721315930498,3.214550253664318,True
TM_FS_DCIS,Path_Biopsy1.pdf,pathology,CASE_3171A2CC63AC,3,3,0.3333333333333333,0.3333333333333333,161.69455945468806,6.149480962867667,36.77631129825727,61.333333333333336,246.63583671672015,-1.3333358764648438,67.56612714780749,1.697329692744451,23.804288852988257,0.0,240.73445326716575,-3.0000076293945312,233.3807844346524,9.10351985618782,50.478718662442155,137.0,252.57318621090909,0.0,85.1549449243359,3.9237951914465694,13.352205735840256,69.61561127601577,5.919448419877775,1.527529393828573,False
