laplacian_var,tenengrad,rms_contrast,intensity_spread_p95_p5,mean_brightness,skew_angle_deg,dpi,width_px,height_px,case_id,case_folder,original_filename,page,total_pages,pdf_type,doc_type,status,is_blurry,is_low_contrast
444.99725643097645,14.516590253864111,67.05586035322033,254.0,233.6300942154882,0.0,300,10800,13750,CASE_87B2FE851718,AB_NP_DCIS,imaging_mammo2_external_read.pdf,1,2,scanned,radiology,OK,False,False
374.4987352727273,12.043178151070114,63.56540348987748,252.0,236.1731075959596,0.0,300,10800,13750,CASE_87B2FE851718,AB_NP_DCIS,imaging_mammo2_external_read.pdf,2,2,scanned,radiology,OK,False,False
473.6795880942761,15.785627690203611,67.59229942557015,253.0,233.03199832323233,3.0,300,10800,13750,CASE_C5FD2A6D54D1,AB_NP_DCIS,imaging_mammo_external_read.pdf,1,8,scanned,radiology,OK,False,False
388.15544086195285,12.338261368310127,66.96449177384038,254.0,234.07713560942761,1.9999923706054688,300,10800,13750,CASE_C5FD2A6D54D1,AB_NP_DCIS,imaging_mammo_external_read.pdf,2,8,scanned,radiology,OK,False,False
439.2311393939394,14.421120589537125,66.89756005720051,253.0,233.72665795286196,0.0,300,10800,13750,CASE_C5FD2A6D54D1,AB_NP_DCIS,imaging_mammo_external_read.pdf,3,8,scanned,radiology,OK,False,False
192.0447493872054,5.970574954349319,52.08554855069798,66.0,243.02550099663299,-4.0,300,10800,13750,CASE_C5FD2A6D54D1,AB_NP_DCIS,imaging_mammo_external_read.pdf,4,8,scanned,radiology,OK,False,False
453.36792793265994,14.926445438010367,63.13462551952024,249.0,235.86997884848486,4.0,300,10800,13750,CASE_C5FD2A6D54D1,AB_NP_DCIS,imaging_mammo_external_read.pdf,5,8,scanned,radiology,OK,False,False
421.34208076767675,13.426599707125156,66.02697924220865,254.0,234.44340967003367,0.0,300,10800,13750,CASE_C5FD2A6D54D1,AB_NP_DCIS,imaging_mammo_external_read.pdf,6,8,scanned,radiology,OK,False,False
406.6339531851852,13.21190142454057,65.78710676551228,253.0,234.6387237239057,-2.0000076293945312,300,10800,13750,CASE_C5FD2A6D54D1,AB_NP_DCIS,imaging_mammo_external_read.pdf,7,8,scanned,radiology,OK,False,False
201.82144075420877,6.611719684704391,48.61916702360546,20.0,244.39248529292928,-6.0,300,10800,13750,CASE_C5FD2A6D54D1,AB_NP_DCIS,imaging_mammo_external_read.pdf,8,8,scanned,radiology,OK,False,False
583.9079467744108,19.196790694100738,74.79859172906662,255.0,227.50104845117846,0.0,300,10800,13750,CASE_B0853DE011AC,AB_NP_DCIS,imaging_MRI_external_read.pdf,1,2,scanned,radiology,OK,False,False
259.400020983165,8.006795642611655,59.3054780979217,248.0,239.20139593939393,-5.000007629394531,300,10800,13750,CASE_B0853DE011AC,AB_NP_DCIS,imaging_MRI_external_read.pdf,2,2,scanned,radiology,OK,False,False
409.89920666300566,14.06014639217002,73.47623079255337,255.0,229.22896976630668,-2.0000076293945312,300,10800,15175,CASE_F32C5E364DDC,AB_NP_DCIS,path_biopsy_external_read.pdf,1,4,scanned,pathology,OK,False,False
295.61430813668187,9.419190290968785,59.33693250646231,243.0,238.94101599812458,-1.0,300,10800,15246,CASE_F32C5E364DDC,AB_NP_DCIS,path_biopsy_external_read.pdf,2,4,scanned,pathology,OK,False,False
382.36660015206104,13.11215441623013,71.57948044724219,255.0,230.76448184831668,-1.0,300,10800,15296,CASE_F32C5E364DDC,AB_NP_DCIS,path_biopsy_external_read.pdf,3,4,scanned,pathology,OK,False,False
280.2693315686331,8.8693012738469,59.3025724277189,245.0,239.05459834411894,-1.0,300,10800,15384,CASE_F32C5E364DDC,AB_NP_DCIS,path_biopsy_external_read.pdf,4,4,scanned,pathology,OK,False,False
73.98667047700535,2.23683678821343,28.91956249077066,25.0,250.14873186566845,0.0,300,10625,13750,CASE_9913CA6C25C1,AB_NP_DCIS,path_biopsy_external_read2.pdf,1,4,scanned,pathology,OK,False,False
431.01374850053475,10.903388391833747,44.80412944947203,16.0,245.6057137831016,3.0,300,10625,13750,CASE_9913CA6C25C1,AB_NP_DCIS,path_biopsy_external_read2.pdf,2,4,scanned,pathology,OK,False,False
344.9821790186096,8.944070731885173,43.913366654701946,15.0,245.9664357989305,-3.0000076293945312,300,10625,13750,CASE_9913CA6C25C1,AB_NP_DCIS,path_biopsy_external_read2.pdf,3,4,scanned,pathology,OK,False,False
47.37299603850268,1.1896625224379072,23.342724698815417,0.0,252.63248454502673,0.0,300,10625,13750,CASE_9913CA6C25C1,AB_NP_DCIS,path_biopsy_external_read2.pdf,4,4,scanned,pathology,OK,True,True
598.8499244081283,16.117160390177897,56.02692591220485,177.0,239.7231771653476,0.0,300,10625,13750,CASE_29FB9814C8F8,AB_NP_DCIS,path_biopsy_internal_read.pdf,1,2,scanned,pathology,OK,False,False
420.063954686631,10.963480726189976,56.466687458560905,193.0,239.97913003122994,0.9999923706054688,300,10625,13750,CASE_29FB9814C8F8,AB_NP_DCIS,path_biopsy_internal_read.pdf,2,2,scanned,pathology,OK,False,False
460.67396952983955,12.282103366758552,66.86195949470586,255.0,233.80636200385027,1.9999923706054688,300,10625,13750,CASE_102EC7D7D708,DC_BF_invasive,imaging_mammo1_internal.pdf,1,3,scanned,radiology,OK,False,False
291.6543134802139,8.324736072304129,54.2873337163612,146.0,240.94216249497327,0.9999923706054688,300,10625,13750,CASE_102EC7D7D708,DC_BF_invasive,imaging_mammo1_internal.pdf,2,3,scanned,radiology,OK,False,False
242.41078986609625,6.3060916129711675,47.04279118859062,15.0,245.01564006673797,-3.0000076293945312,300,10625,13750,CASE_102EC7D7D708,DC_BF_invasive,imaging_mammo1_internal.pdf,3,3,scanned,radiology,OK,False,False
515.2955169129411,13.323689351018094,56.736230882612226,208.0,240.05259953283422,3.0,300,10625,13750,CASE_2ED4C4915381,DC_BF_invasive,imaging_mammo2_internal.pdf,1,5,scanned,radiology,OK,False,False
294.0764316064171,7.974627696748602,57.715087778390405,239.0,239.59215585882353,0.9999923706054688,300,10625,13750,CASE_2ED4C4915381,DC_BF_invasive,imaging_mammo2_internal.pdf,2,5,scanned,radiology,OK,False,False
321.1761577206417,9.094592050375402,60.0183413589901,246.0,237.6551441317647,-1.0,300,10625,13750,CASE_2ED4C4915381,DC_BF_invasive,imaging_mammo2_internal.pdf,3,5,scanned,radiology,OK,False,False
421.42966846973263,10.896453734071553,54.03651762600332,171.0,241.3575936,-2.0000076293945312,300,10625,13750,CASE_2ED4C4915381,DC_BF_invasive,imaging_mammo2_internal.pdf,4,5,scanned,radiology,OK,False,False
209.73551788491977,5.627211744522415,39.34554244411719,3.0,247.72993726973263,0.0,300,10625,13750,CASE_2ED4C4915381,DC_BF_invasive,imaging_mammo2_internal.pdf,5,5,scanned,radiology,OK,False,False
399.4443176385027,9.950671398698557,58.90048045355104,247.0,239.42658382716579,-4.0,300,10625,13750,CASE_E383753929E9,DC_BF_invasive,imaging_mammo_post_internal.pdf,1,5,scanned,radiology,OK,False,False
437.2207282241711,11.147485415097522,62.412844961983744,253.0,237.05163313967915,-1.0,300,10625,13750,CASE_E383753929E9,DC_BF_invasive,imaging_mammo_post_internal.pdf,2,5,scanned,radiology,OK,False,False
337.3340285946524,8.992239247172323,53.96125931336722,143.0,241.59820366716576,-3.0000076293945312,300,10625,13750,CASE_E383753929E9,DC_BF_invasive,imaging_mammo_post_internal.pdf,3,5,scanned,radiology,OK,False,False
503.63020597390374,12.643260515721758,61.16277472005129,251.0,237.91832664983957,0.0,300,10625,13750,CASE_E383753929E9,DC_BF_invasive,imaging_mammo_post_internal.pdf,4,5,scanned,radiology,OK,False,False
85.72169665026738,2.382439425025818,29.627167111285864,0.0,250.9434277373262,-1.0,300,10625,13750,CASE_E383753929E9,DC_BF_invasive,imaging_mammo_post_internal.pdf,5,5,scanned,radiology,OK,False,False
509.3118781056684,13.162701937212823,56.275774275563165,197.0,240.30150366459893,4.0,300,10625,13750,CASE_DC3E721E5308,DC_BF_invasive,imaging_US_internal.pdf,1,5,scanned,radiology,OK,False,False
326.38003594267377,9.036702801629307,58.63031935282516,246.0,238.85906665411764,0.0,300,10625,13750,CASE_DC3E721E5308,DC_BF_invasive,imaging_US_internal.pdf,2,5,scanned,radiology,OK,False,False
341.571398146738,9.456554034165368,58.522476218730574,203.0,238.51130702716577,-1.0,300,10625,13750,CASE_DC3E721E5308,DC_BF_invasive,imaging_US_internal.pdf,3,5,scanned,radiology,OK,False,False
465.94760274139037,12.234889215275222,55.41030278689299,196.0,240.33746772192512,-5.000007629394531,300,10625,13750,CASE_DC3E721E5308,DC_BF_invasive,imaging_US_internal.pdf,4,5,scanned,radiology,OK,False,False
36.98147804406417,0.845542228926473,23.358211320490515,0.0,252.74764032684493,-1.0,300,10625,13750,CASE_DC3E721E5308,DC_BF_invasive,imaging_US_internal.pdf,5,5,scanned,radiology,OK,True,True
452.20848689283423,12.820494657462348,52.2315813107813,128.0,240.3736325202139,0.0,300,10625,13750,CASE_ADC5866D82B5,DC_BF_invasive,path_biopsy_internal.pdf,1,3,scanned,pathology,OK,False,False
786.6511329060962,20.84208246048414,65.08258166977296,252.0,233.8634139995722,0.9999923706054688,300,10625,13750,CASE_ADC5866D82B5,DC_BF_invasive,path_biopsy_internal.pdf,2,3,scanned,pathology,OK,False,False
320.7670075961497,8.400209397255717,47.33444532354593,39.0,244.6468905137968,0.0,300,10625,13750,CASE_ADC5866D82B5,DC_BF_invasive,path_biopsy_internal.pdf,3,3,scanned,pathology,OK,False,False
197.45860117903743,7.944166344079662,46.264693810644864,95.0,242.7979925150802,0.9999923706054688,300,10625,13750,CASE_454841E85B01,MET_KS,dx MMG.pdf,1,3,scanned,radiology,OK,False,False
247.46412283893048,9.878468517662704,43.53386476942108,89.0,243.46459160641712,0.0,300,10625,13750,CASE_454841E85B01,MET_KS,dx MMG.pdf,2,3,scanned,radiology,OK,False,False
49.50726913368984,1.2759320032849968,19.302053466193414,0.0,253.38226023358288,0.0,300,10625,13750,CASE_454841E85B01,MET_KS,dx MMG.pdf,3,3,scanned,radiology,OK,True,True
199.18901781903745,8.200450466553512,45.70206067986018,92.0,242.89155113754012,-5.000007629394531,300,10625,13750,CASE_2660C0FD9C85,MET_KS,MMG.pdf,1,3,scanned,radiology,OK,False,False
192.63795408085562,7.267595373720297,41.90580679619454,48.0,245.23767539679145,0.0,300,10625,13750,CASE_2660C0FD9C85,MET_KS,MMG.pdf,2,3,scanned,radiology,OK,False,False
49.810076009411766,1.283278772676701,19.34951741443952,0.0,253.3743604295187,0.0,300,10625,13750,CASE_2660C0FD9C85,MET_KS,MMG.pdf,3,3,scanned,radiology,OK,True,True
204.18452432085562,8.634648203619358,51.69677584745303,144.0,239.6997978352941,-2.0000076293945312,300,10625,13750,CASE_4EFBC3A20178,MET_KS,path.pdf,1,2,scanned,pathology,OK,False,False
168.91806479058823,8.826708944319622,36.24986887803517,80.0,245.05197681625668,-3.0000076293945312,300,10625,13750,CASE_4EFBC3A20178,MET_KS,path.pdf,2,2,scanned,pathology,OK,False,False
254.26130426524065,10.885480384643897,47.7698617976364,125.0,240.66503578695188,-4.0,300,10625,13750,CASE_323E93C6E268,MET_KS,US bx.pdf,1,3,scanned,radiology,OK,False,False
281.67501383187164,11.678465421064269,45.448668413380204,114.0,241.74575852834224,0.0,300,10625,13750,CASE_323E93C6E268,MET_KS,US bx.pdf,2,3,scanned,radiology,OK,False,False
49.507337391229946,1.275898079516008,19.300091391792108,0.0,253.3825746002139,0.0,300,10625,13750,CASE_323E93C6E268,MET_KS,US bx.pdf,3,3,scanned,radiology,OK,True,True
490.28360714951873,12.73693922306229,56.84925071978287,208.0,238.77232068449197,0.9999923706054688,300,10625,13750,CASE_A243FE8B07F3,MET_MM,L MMG.pdf,1,2,scanned,radiology,OK,False,False
147.13903711828877,3.7659877607982053,37.289961344298945,0.0,248.91772079914438,0.0,300,10625,13750,CASE_A243FE8B07F3,MET_MM,L MMG.pdf,2,2,scanned,radiology,OK,False,False
502.946306299893,13.08977579408648,56.8423934740677,206.0,238.72864897368984,0.0,300,10625,13750,CASE_2DF60B644EB4,MET_MM,MMG.pdf,1,2,scanned,radiology,OK,False,False
160.9229176744385,4.124830746787915,38.68280658047537,0.0,248.4436577950802,0.0,300,10625,13750,CASE_2DF60B644EB4,MET_MM,MMG.pdf,2,2,scanned,radiology,OK,False,False
707.3940441668449,18.008951871881084,65.69610037207495,253.0,234.69437576213903,-2.0000076293945312,300,10625,13750,CASE_306E05801DF4,MET_MM,MSK review.pdf,1,5,scanned,radiology,OK,False,False
663.4638336273797,16.701163642281536,68.76382681760911,255.0,232.74779107251337,1.9999923706054688,300,10625,13750,CASE_306E05801DF4,MET_MM,MSK review.pdf,2,5,scanned,radiology,OK,False,False
438.4967631537968,11.899828463289975,60.00893706611426,249.0,238.01352872385027,0.0,300,10625,13750,CASE_306E05801DF4,MET_MM,MSK review.pdf,3,5,scanned,radiology,OK,False,False
782.5747535948664,19.880273682787756,68.67991016038981,255.0,232.58764346181817,0.0,300,10625,13750,CASE_306E05801DF4,MET_MM,MSK review.pdf,4,5,scanned,radiology,OK,False,False
328.9814405612834,8.566069419045757,48.78676741959056,43.0,244.06942848,-4.0,300,10625,13750,CASE_306E05801DF4,MET_MM,MSK review.pdf,5,5,scanned,radiology,OK,False,False
243.65755465925133,9.582175159372131,48.89266001651752,122.0,241.1206099371123,-1.0,300,10625,13750,CASE_0452A5CF5F5A,MET_MM,stc bx.pdf,1,4,scanned,pathology,OK,False,False
323.1824008624599,13.036275867304207,54.3072714028123,164.0,236.94825704727273,0.0,300,10625,13750,CASE_0452A5CF5F5A,MET_MM,stc bx.pdf,2,4,scanned,pathology,OK,False,False
127.70336472299465,4.228169393796149,39.69886383910268,13.0,247.21915799272728,-4.0,300,10625,13750,CASE_0452A5CF5F5A,MET_MM,stc bx.pdf,3,4,scanned,pathology,OK,False,False
70.65247826139037,1.7822351906318168,24.510554806234016,0.0,252.4279961668449,0.0,300,10625,13750,CASE_0452A5CF5F5A,MET_MM,stc bx.pdf,4,4,scanned,pathology,OK,False,False
291.8429490926203,9.662871542655607,51.50920471773459,128.0,241.09905381989304,0.0,300,10625,13750,CASE_C70630E56F1A,MET_MM,US.pdf,1,6,scanned,radiology,OK,False,False
99.00996827037433,3.2980598316452063,26.28899670389931,1.0,251.3540099764706,-6.0,300,10625,13750,CASE_C70630E56F1A,MET_MM,US.pdf,2,6,scanned,radiology,OK,False,False
305.1429592847059,16.94984619766201,103.00630072988315,255.0,185.18011235251336,-4.0,300,10625,13750,CASE_C70630E56F1A,MET_MM,US.pdf,3,6,scanned,radiology,OK,False,False
225.74631936,12.112852751703644,90.80530049350112,254.0,207.63144152983958,-3.0000076293945312,300,10625,13750,CASE_C70630E56F1A,MET_MM,US.pdf,4,6,scanned,radiology,OK,False,False
262.68771032299463,8.663684251155322,48.7807577998825,88.0,242.82657763251336,-1.0,300,10625,13750,CASE_C70630E56F1A,MET_MM,US.pdf,5,6,scanned,radiology,OK,False,False
59.71869882181818,1.5147350986780193,21.888385407172848,0.0,252.93921456598932,0.0,300,10625,13750,CASE_C70630E56F1A,MET_MM,US.pdf,6,6,scanned,radiology,OK,True,True
561.5785461048129,14.554086253696303,62.25936842125087,247.0,235.7284803833155,0.9999923706054688,300,10625,13750,CASE_C77ECFBBCB1A,MET_MW,MMG.pdf,1,2,scanned,radiology,OK,False,False
303.4245789980749,7.700356586869761,52.24715179715118,80.0,242.7726738344385,-2.0000076293945312,300,10625,13750,CASE_C77ECFBBCB1A,MET_MW,MMG.pdf,2,2,scanned,radiology,OK,False,False
587.9768030596791,15.6324584625969,55.360327836075776,199.0,239.21498378267378,0.0,300,10625,13750,CASE_55C2B1B90890,MET_MW,MRI.pdf,1,2,scanned,radiology,OK,False,False
126.73198860320855,3.366992316509774,33.28877628521502,0.0,250.04559140278076,0.9999923706054688,300,10625,13750,CASE_55C2B1B90890,MET_MW,MRI.pdf,2,2,scanned,radiology,OK,False,False
659.2962636389304,16.751210001933508,64.93374607629438,253.0,235.30693673069518,0.9999923706054688,300,10625,13750,CASE_0B09FA0516C1,MET_MW,MSK review.pdf,1,4,scanned,radiology,OK,False,False
367.7797130404278,9.950986506658754,62.88968545447556,254.0,236.4236994395722,0.0,300,10625,13750,CASE_0B09FA0516C1,MET_MW,MSK review.pdf,2,4,scanned,radiology,OK,False,False
704.5609453929412,17.873786871948624,66.1713661472476,254.0,234.37575660834224,0.0,300,10625,13750,CASE_0B09FA0516C1,MET_MW,MSK review.pdf,3,4,scanned,radiology,OK,False,False
143.4936479897326,3.7474321211512733,40.11133940953425,0.0,247.8460595542246,-3.0000076293945312,300,10625,13750,CASE_0B09FA0516C1,MET_MW,MSK review.pdf,4,4,scanned,radiology,OK,False,False
90.86067235593583,2.6966522249115386,31.414625282010345,25.0,249.54426125005347,-1.0,300,10625,13750,CASE_4F0D7FBB7AD6,MET_MW,path.pdf,1,5,scanned,pathology,OK,False,False
463.2408734802139,11.423804986355927,51.45252179891746,74.0,242.8626502160428,0.9999923706054688,300,10625,13750,CASE_4F0D7FBB7AD6,MET_MW,path.pdf,2,5,scanned,pathology,OK,False,False
342.7671478348663,8.707439349270274,39.5753322902095,6.0,247.67983317561496,0.0,300,10625,13750,CASE_4F0D7FBB7AD6,MET_MW,path.pdf,3,5,scanned,pathology,OK,False,False
474.4055199897326,11.84229880714969,44.78121628202462,18.0,245.5415260406417,0.0,300,10625,13750,CASE_4F0D7FBB7AD6,MET_MW,path.pdf,4,5,scanned,pathology,OK,False,False
321.86567753925135,8.463598057012794,43.68448014740635,14.0,245.99637540278076,-2.0000076293945312,300,10625,13750,CASE_4F0D7FBB7AD6,MET_MW,path.pdf,5,5,scanned,pathology,OK,False,False
487.3875837946524,12.80547246481646,57.11254118747634,218.0,238.71923028877006,-1.0,300,10625,13750,CASE_5568A7B23D47,MET_MW,post MMG.pdf,1,2,scanned,radiology,OK,False,False
136.34659582631016,3.5580784590525942,33.160845830756706,0.0,250.1224392693048,0.0,300,10625,13750,CASE_5568A7B23D47,MET_MW,post MMG.pdf,2,2,scanned,radiology,OK,False,False
444.39408752256685,11.757861671138034,54.0032476782094,147.0,240.3620395259893,-4.0,300,10625,13750,CASE_FF5EBF417289,MET_MW,US bx.pdf,1,2,scanned,radiology,OK,False,False
316.1018872059893,8.054270104774174,48.63849944467181,25.0,244.37750632727273,0.0,300,10625,13750,CASE_FF5EBF417289,MET_MW,US bx.pdf,2,2,scanned,radiology,OK,False,False
130.7279760290909,6.863824648715546,33.89217596343981,42.0,246.9166542237433,4.999992370605469,300,10625,13750,CASE_157DB94F00AF,AH_UD_INV,Imaging_External1.pdf,1,4,scanned,radiology,OK,False,False
148.87909031016042,7.983808236060856,38.86408921894185,65.0,244.69639033839573,0.0,300,10625,13750,CASE_157DB94F00AF,AH_UD_INV,Imaging_External1.pdf,2,4,scanned,radiology,OK,False,False
58.11967570139038,1.8909416966630481,19.253595982092232,0.0,252.99799229604278,-1.0,300,10625,13750,CASE_157DB94F00AF,AH_UD_INV,Imaging_External1.pdf,3,4,scanned,radiology,OK,True,True
68.02583661518716,1.7194888934626458,24.210118124742326,0.0,252.49176753967913,0.0,300,10625,13750,CASE_157DB94F00AF,AH_UD_INV,Imaging_External1.pdf,4,4,scanned,radiology,OK,False,False
137.05201800898396,7.065025401541734,34.44846330517375,44.0,246.68685154566845,4.999992370605469,300,10625,13750,CASE_2697D6FC6201,AH_UD_INV,Imaging_External2.pdf,1,4,scanned,radiology,OK,False,False
151.25697108877006,8.083945344495106,38.9200689616856,66.0,244.63232507893048,0.0,300,10625,13750,CASE_2697D6FC6201,AH_UD_INV,Imaging_External2.pdf,2,4,scanned,radiology,OK,False,False
65.23100064171123,2.048656882382088,20.705457288573236,0.0,252.76551936,-2.0000076293945312,300,10625,13750,CASE_2697D6FC6201,AH_UD_INV,Imaging_External2.pdf,3,4,scanned,radiology,OK,True,True
68.0185330857754,1.7191678698045132,24.209476469742498,0.0,252.49196307850266,0.0,300,10625,13750,CASE_2697D6FC6201,AH_UD_INV,Imaging_External2.pdf,4,4,scanned,radiology,OK,False,False
120.37657142759359,6.804080081818937,29.05362117347628,34.0,248.10570025069518,4.999992370605469,300,10625,13750,CASE_6EFCB71973F7,AH_UD_INV,Imaging_External3.pdf,1,3,scanned,radiology,OK,False,False
98.66031711828877,4.56915000829345,26.46419910529057,15.0,250.15232154010695,3.0,300,10625,13750,CASE_6EFCB71973F7,AH_UD_INV,Imaging_External3.pdf,2,3,scanned,radiology,OK,False,False
67.92846960256685,1.7179376712067544,24.203317593780884,0.0,252.4931349424599,0.0,300,10625,13750,CASE_6EFCB71973F7,AH_UD_INV,Imaging_External3.pdf,3,3,scanned,radiology,OK,False,False
135.80944384,6.569730690168426,38.79253054138255,49.0,245.70793728684492,-2.0000076293945312,300,10625,13750,CASE_9D471F127204,AH_UD_INV,Imaging_External4.pdf,1,3,scanned,radiology,OK,False,False
112.56971491251336,4.623160268016378,34.79401909023276,19.0,248.1884154729412,-3.0000076293945312,300,10625,13750,CASE_9D471F127204,AH_UD_INV,Imaging_External4.pdf,2,3,scanned,radiology,OK,False,False
67.61381003636363,1.7104033703821948,24.1845840702908,0.0,252.49735293946523,0.0,300,10625,13750,CASE_9D471F127204,AH_UD_INV,Imaging_External4.pdf,3,3,scanned,radiology,OK,False,False
499.4234013433155,12.571754765574065,58.25969875036927,239.0,239.47872140320857,1.9999923706054688,300,10625,13750,CASE_F92DD1EF27A9,AH_UD_INV,Imaging_Internal_review.pdf,1,3,scanned,radiology,OK,False,False
339.19069455058826,9.764395943522086,54.41508481187876,147.0,240.68425607529412,-1.0,300,10625,13750,CASE_F92DD1EF27A9,AH_UD_INV,Imaging_Internal_review.pdf,2,3,scanned,radiology,OK,False,False
360.60277582032086,9.192919735100704,52.25533574750609,106.0,242.50584517818183,0.0,300,10625,13750,CASE_F92DD1EF27A9,AH_UD_INV,Imaging_Internal_review.pdf,3,3,scanned,radiology,OK,False,False
62.87794792042781,2.2149572336002206,21.123700640704946,0.0,252.50149149433156,-1.0,300,10625,13750,CASE_F0637C005FC2,AH_UD_INV,Path_Biopsy.pdf,1,10,scanned,pathology,OK,True,True
39.90828962909091,1.2511627768316607,17.08992421424125,0.0,253.5287632906952,0.0,300,10625,13750,CASE_F0637C005FC2,AH_UD_INV,Path_Biopsy.pdf,2,10,scanned,pathology,OK,True,True
258.08434770139036,9.750652534933968,51.241896936179614,148.0,240.4182405202139,0.0,300,10625,13750,CASE_F0637C005FC2,AH_UD_INV,Path_Biopsy.pdf,3,10,scanned,pathology,OK,False,False
264.1848535204278,10.395558523871351,47.50635247518995,119.0,241.70455903144386,-1.0,300,10625,13750,CASE_F0637C005FC2,AH_UD_INV,Path_Biopsy.pdf,4,10,scanned,pathology,OK,False,False
408.7990782904813,16.31405385241121,57.08471381535787,190.0,234.66167910673798,-1.0,300,10625,13750,CASE_F0637C005FC2,AH_UD_INV,Path_Biopsy.pdf,5,10,scanned,pathology,OK,False,False
201.08462008812833,8.035726800164408,38.07645913973048,43.0,246.0657503486631,-3.0000076293945312,300,10625,13750,CASE_F0637C005FC2,AH_UD_INV,Path_Biopsy.pdf,6,10,scanned,pathology,OK,False,False
70.04594668834224,2.528313053579113,23.657608568435656,0.0,251.93941636791445,0.0,300,10625,13750,CASE_F0637C005FC2,AH_UD_INV,Path_Biopsy.pdf,7,10,scanned,pathology,OK,False,True
39.97130207144385,1.2522045002634938,17.097242972800608,0.0,253.52754228705882,0.0,300,10625,13750,CASE_F0637C005FC2,AH_UD_INV,Path_Biopsy.pdf,8,10,scanned,pathology,OK,True,True
54.13541236363636,1.662498858024048,19.31878678573398,0.0,253.13248201925134,-1.0,300,10625,13750,CASE_F0637C005FC2,AH_UD_INV,Path_Biopsy.pdf,9,10,scanned,pathology,OK,True,True
68.35278188149732,1.728795522611775,24.23287653918163,0.0,252.48642863229946,0.0,300,10625,13750,CASE_F0637C005FC2,AH_UD_INV,Path_Biopsy.pdf,10,10,scanned,pathology,OK,False,False
537.4008454981819,14.612041409936754,56.2303112333499,175.0,239.5304347037433,0.0,300,10625,13750,CASE_5A290308EC6F,AH_UD_INV,Path_Internal_reivew.pdf,1,2,scanned,pathology,OK,False,False
348.53687452064173,8.920232144324782,51.98179803152289,86.0,242.65929658181818,4.0,300,10625,13750,CASE_5A290308EC6F,AH_UD_INV,Path_Internal_reivew.pdf,2,2,scanned,pathology,OK,False,False
139.49766198759357,6.90377491102882,42.639933391358774,73.0,243.95328492834224,-4.0,300,10625,13750,CASE_C2073BD75129,LK_SW_INV,Imaging_External.pdf,1,3,scanned,radiology,OK,False,False
151.00677733304812,6.991096533935078,44.10975593692169,72.0,243.61538430631015,0.9999923706054688,300,10625,13750,CASE_C2073BD75129,LK_SW_INV,Imaging_External.pdf,2,3,scanned,radiology,OK,False,False
67.83026824898396,1.7144188724378837,23.976095220082723,0.0,252.53767525304812,0.0,300,10625,13750,CASE_C2073BD75129,LK_SW_INV,Imaging_External.pdf,3,3,scanned,radiology,OK,False,False
145.4645644457754,7.126600646417241,43.786236470681786,77.0,243.41949065582887,-1.0,300,10625,13750,CASE_0CF7747085B3,LK_SW_INV,Imaging_External2.pdf,1,3,scanned,radiology,OK,False,False
172.19247843251338,8.894481930029137,46.40647071256555,89.0,241.3474504966845,-3.0000076293945312,300,10625,13750,CASE_0CF7747085B3,LK_SW_INV,Imaging_External2.pdf,2,3,scanned,radiology,OK,False,False
67.74359464385027,1.712235951972378,23.975280845250143,0.0,252.53795495700535,0.0,300,10625,13750,CASE_0CF7747085B3,LK_SW_INV,Imaging_External2.pdf,3,3,scanned,radiology,OK,False,False
696.0636772209625,17.774719495267423,64.11566887777902,251.0,235.66633356320855,-2.0000076293945312,300,10625,13750,CASE_B7674804B627,LK_SW_INV,Imaging_Internal_review.pdf,1,4,scanned,radiology,OK,False,False
300.80911981518716,8.163011249262215,60.73143355651936,253.0,237.8541809831016,0.9999923706054688,300,10625,13750,CASE_B7674804B627,LK_SW_INV,Imaging_Internal_review.pdf,2,4,scanned,radiology,OK,False,False
732.6803749783958,18.77059892899296,63.48875106880359,250.0,235.89733350673797,-3.0000076293945312,300,10625,13750,CASE_B7674804B627,LK_SW_INV,Imaging_Internal_review.pdf,3,4,scanned,radiology,OK,False,False
104.74710703229947,2.776189056853398,36.06384959185305,0.0,249.20988906096255,0.0,300,10625,13750,CASE_B7674804B627,LK_SW_INV,Imaging_Internal_review.pdf,4,4,scanned,radiology,OK,False,False
302.4496642464171,11.957483561640386,54.15913816429872,168.0,237.0719028568984,-4.0,300,10625,13750,CASE_4877A6DB5B00,LK_SW_INV,path.pdf,1,3,scanned,pathology,OK,False,False
339.676454824385,14.50074300267814,48.89591108933026,141.0,238.62857760855616,-3.0000076293945312,300,10625,13750,CASE_4877A6DB5B00,LK_SW_INV,path.pdf,2,3,scanned,pathology,OK,False,False
68.59398666951871,1.73271968132569,23.976567509017837,0.0,252.53577528128343,0.0,300,10625,13750,CASE_4877A6DB5B00,LK_SW_INV,path.pdf,3,3,scanned,pathology,OK,False,False
147.13454838417113,6.929060397672688,45.278675455028136,81.0,243.03199452406417,-3.0000076293945312,300,10625,13750,CASE_D00AB85CBEF3,LK_SW_INV,Path_biopsy.pdf,1,4,scanned,pathology,OK,False,False
134.12059587764705,7.891345390974578,38.16712032418319,70.0,244.622511531123,-3.0000076293945312,300,10625,13750,CASE_D00AB85CBEF3,LK_SW_INV,Path_biopsy.pdf,2,4,scanned,pathology,OK,False,False
153.38174105326203,7.581295338751727,44.3313404164012,78.0,243.02760061262032,0.0,300,10625,13750,CASE_D00AB85CBEF3,LK_SW_INV,Path_biopsy.pdf,3,4,scanned,pathology,OK,False,False
67.68370208855615,1.7110194433755836,23.970002147000116,0.0,252.53889239614972,0.0,300,10625,13750,CASE_D00AB85CBEF3,LK_SW_INV,Path_biopsy.pdf,4,4,scanned,pathology,OK,False,False
212.19262466737968,8.711780935082336,46.43326550299317,103.0,242.34552951101605,-3.0000076293945312,300,10625,13750,CASE_83D454335539,ML_WY_INV,Imaging_External.pdf,1,3,scanned,radiology,OK,False,False
261.91365410224597,9.533095102395546,52.42959891613672,148.0,240.17922813946524,-2.0000076293945312,300,10625,13750,CASE_83D454335539,ML_WY_INV,Imaging_External.pdf,2,3,scanned,radiology,OK,False,False
70.22671494160427,1.7509939808007209,24.121902393439214,0.0,252.50939754780748,0.0,300,10625,13750,CASE_83D454335539,ML_WY_INV,Imaging_External.pdf,3,3,scanned,radiology,OK,False,False
215.39454047828877,8.782331399158334,47.29599181198677,109.0,241.9784145659893,-3.0000076293945312,300,10625,13750,CASE_286D674971BE,ML_WY_INV,Imaging_External2.pdf,1,3,scanned,radiology,OK,False,False
266.4790410814973,9.656073402195744,52.58289797231122,150.0,240.086963542246,-2.0000076293945312,300,10625,13750,CASE_286D674971BE,ML_WY_INV,Imaging_External2.pdf,2,3,scanned,radiology,OK,False,False
67.79566638545455,1.6914326035651717,23.928064745717535,0.0,252.55185738609626,0.0,300,10625,13750,CASE_286D674971BE,ML_WY_INV,Imaging_External2.pdf,3,3,scanned,radiology,OK,False,True
205.3357873831016,9.23511644052257,38.465527376364314,72.0,244.84969477475937,0.0,300,10625,13750,CASE_997683864BFC,ML_WY_INV,Imaging_External3.pdf,1,3,scanned,radiology,OK,False,False
186.90035577839572,6.932005704220467,38.91228455938437,34.0,246.45019347508023,-2.0000076293945312,300,10625,13750,CASE_997683864BFC,ML_WY_INV,Imaging_External3.pdf,2,3,scanned,radiology,OK,False,False
70.46206472213903,1.7576080561909708,24.138328094527413,0.0,252.50548554609625,0.0,300,10625,13750,CASE_997683864BFC,ML_WY_INV,Imaging_External3.pdf,3,3,scanned,radiology,OK,False,False
209.58205303101604,9.305414641087598,40.398542914252644,79.0,244.1984202404278,0.0,300,10625,13750,CASE_E3804505DFDB,ML_WY_INV,Imaging_External4.pdf,1,3,scanned,radiology,OK,False,False
194.1870230862032,7.115098897334267,39.263707015257374,35.0,246.31813536171123,-2.0000076293945312,300,10625,13750,CASE_E3804505DFDB,ML_WY_INV,Imaging_External4.pdf,2,3,scanned,radiology,OK,False,False
70.45030490352941,1.7572495491473163,24.135288422934465,0.0,252.5061010344385,0.0,300,10625,13750,CASE_E3804505DFDB,ML_WY_INV,Imaging_External4.pdf,3,3,scanned,radiology,OK,False,False
192.90796593283423,8.503789914186132,38.743350843355415,68.0,245.0642760008556,-2.0000076293945312,300,10625,13750,CASE_F651C48347EE,ML_WY_INV,Imaging_External5.pdf,1,3,scanned,radiology,OK,False,False
273.54771751700537,10.538199646620036,47.04285136573959,113.0,241.99578558973263,-1.0,300,10625,13750,CASE_F651C48347EE,ML_WY_INV,Imaging_External5.pdf,2,3,scanned,radiology,OK,False,False
70.44525086117648,1.7572469464956768,24.135053542982426,0.0,252.50613254160427,-1.0,300,10625,13750,CASE_F651C48347EE,ML_WY_INV,Imaging_External5.pdf,3,3,scanned,radiology,OK,False,False
118.87103153967915,5.044611917606695,30.798253328649924,16.0,249.0183652346524,-4.0,300,10625,13750,CASE_0AEA1D0571B1,ML_WY_INV,Imaging_External6.pdf,1,4,scanned,radiology,OK,False,False
176.61827195208556,7.447842611916168,37.408081620600015,47.0,246.23057854973263,-1.0,300,10625,13750,CASE_0AEA1D0571B1,ML_WY_INV,Imaging_External6.pdf,2,4,scanned,radiology,OK,False,False
139.9853209326203,5.169141903812153,32.81598684646745,11.0,248.9042634404278,-1.0,300,10625,13750,CASE_0AEA1D0571B1,ML_WY_INV,Imaging_External6.pdf,3,4,scanned,radiology,OK,False,False
70.00244456727273,1.7464348066352384,24.111963390675474,0.0,252.5113711093048,0.0,300,10625,13750,CASE_0AEA1D0571B1,ML_WY_INV,Imaging_External6.pdf,4,4,scanned,radiology,OK,False,False
285.9267052560428,12.853510368355138,58.821422934405206,199.0,231.79090730438503,1.9999923706054688,300,10625,13750,CASE_499E8338AA56,ML_WY_INV,Path_Biopsy.pdf,1,3,scanned,pathology,OK,False,False
100.98673099978609,3.6809328301777176,31.951025869928877,7.0,249.42657184171122,-2.0000076293945312,300,10625,13750,CASE_499E8338AA56,ML_WY_INV,Path_Biopsy.pdf,2,3,scanned,pathology,OK,False,False
54.732275377967916,1.4000542174357657,19.54512321073539,0.0,253.3343476226738,-1.0,300,10625,13750,CASE_499E8338AA56,ML_WY_INV,Path_Biopsy.pdf,3,3,scanned,pathology,OK,True,True
187.72086118673798,7.008540431491088,38.30837049046129,28.0,246.79399775144384,-3.0000076293945312,300,10625,13750,CASE_A5664E70EFB4,GM_DR_INV,Imaging_External.pdf,1,7,scanned,radiology,OK,False,False
141.60872951786095,5.219679765466934,34.08894184223345,9.0,248.69283786609626,-6.0,300,10625,13750,CASE_A5664E70EFB4,GM_DR_INV,Imaging_External.pdf,2,7,scanned,radiology,OK,False,False
172.35159869604277,6.200775520433608,36.363869710390496,16.0,247.74011654160427,3.0,300,10625,13750,CASE_A5664E70EFB4,GM_DR_INV,Imaging_External.pdf,3,7,scanned,radiology,OK,False,False
171.8432941587166,6.290658892423798,38.20056941276846,21.0,247.06185044877006,-1.0,300,10625,13750,CASE_A5664E70EFB4,GM_DR_INV,Imaging_External.pdf,4,7,scanned,radiology,OK,False,False
167.47443219165774,6.515869497328414,34.25558136239087,18.0,248.11291705497325,-1.0,300,10625,13750,CASE_A5664E70EFB4,GM_DR_INV,Imaging_External.pdf,5,7,scanned,radiology,OK,False,False
66.84554732834225,1.8489649980753669,32.59474885449409,0.0,250.44072495229946,0.9999923706054688,300,10625,13750,CASE_A5664E70EFB4,GM_DR_INV,Imaging_External.pdf,6,7,scanned,radiology,OK,True,False
69.52210396406417,1.7342574487136249,23.92817502130109,0.0,252.5481918562567,0.0,300,10625,13750,CASE_A5664E70EFB4,GM_DR_INV,Imaging_External.pdf,7,7,scanned,radiology,OK,False,False
152.68655845989304,6.471546585837644,30.720352843588746,19.0,248.97826081540106,4.0,300,10625,13750,CASE_C00B770F8A1C,GM_DR_INV,Imaging_External2.pdf,1,3,scanned,radiology,OK,False,False
81.30625497668449,2.70467254017087,24.43065787611148,0.0,251.9590897831016,1.9999923706054688,300,10625,13750,CASE_C00B770F8A1C,GM_DR_INV,Imaging_External2.pdf,2,3,scanned,radiology,OK,False,False
69.65718744299465,1.7392349011139547,23.931952454871688,0.0,252.5467667028877,-0.5,300,10625,13750,CASE_C00B770F8A1C,GM_DR_INV,Imaging_External2.pdf,3,3,scanned,radiology,OK,False,False
696.5612141792514,18.014413621567495,74.85751677731047,255.0,227.18057498695188,0.0,300,10625,13750,CASE_A6002A41125B,GM_DR_INV,Path_Biopsy.pdf,1,21,scanned,pathology,OK,False,False
40.23549127871658,1.3602871512240944,20.832200752463386,0.0,253.02741793540108,0.0,300,10625,13750,CASE_A6002A41125B,GM_DR_INV,Path_Biopsy.pdf,2,21,scanned,pathology,OK,True,True
66.3243245655615,2.178568977467559,24.202758660428323,0.0,252.37495337069518,-2.0000076293945312,300,10625,13750,CASE_A6002A41125B,GM_DR_INV,Path_Biopsy.pdf,3,21,scanned,pathology,OK,True,False
735.7729261381818,24.11157585908132,71.28205461598397,254.0,228.92317770609625,-3.0000076293945312,300,10625,13750,CASE_A6002A41125B,GM_DR_INV,Path_Biopsy.pdf,4,21,scanned,pathology,OK,False,False
72.43501797989305,2.366512961698893,29.00906646054628,0.0,251.31453684363638,0.0,300,10625,13750,CASE_A6002A41125B,GM_DR_INV,Path_Biopsy.pdf,5,21,scanned,pathology,OK,False,False
284.5471077304813,8.982847081629492,55.991926656752305,188.0,240.7021128213904,0.0,300,10625,13750,CASE_A6002A41125B,GM_DR_INV,Path_Biopsy.pdf,6,21,scanned,pathology,OK,False,False
1629.8909321719786,56.19979330148881,61.53196226989983,197.0,228.6870797142246,-1.0,300,10625,13750,CASE_A6002A41125B,GM_DR_INV,Path_Biopsy.pdf,7,21,scanned,pathology,OK,False,False
593.782486957861,19.231699655864972,68.61393097784399,255.0,231.77497068149734,-1.0,300,10625,13750,CASE_A6002A41125B,GM_DR_INV,Path_Biopsy.pdf,8,21,scanned,pathology,OK,False,False
706.9121248787166,24.216118356816796,76.91618052999041,255.0,224.6817710408556,-2.0000076293945312,300,10625,13750,CASE_A6002A41125B,GM_DR_INV,Path_Biopsy.pdf,9,21,scanned,pathology,OK,False,False
1593.5434705454545,56.68453360843088,66.43380659953759,224.0,225.6009130575401,-4.0,300,10625,13750,CASE_A6002A41125B,GM_DR_INV,Path_Biopsy.pdf,10,21,scanned,pathology,OK,False,False
1442.0894495212833,52.67807208956387,63.83853791169742,215.0,228.09676275679143,-2.0000076293945312,300,10625,13750,CASE_A6002A41125B,GM_DR_INV,Path_Biopsy.pdf,11,21,scanned,pathology,OK,False,False
1436.6652539756149,52.545843602672896,63.27590788340789,212.0,228.47383689582887,-2.0000076293945312,300,10625,13750,CASE_A6002A41125B,GM_DR_INV,Path_Biopsy.pdf,12,21,scanned,pathology,OK,False,False
584.2319392855615,20.819296376518995,45.97890566140508,101.0,242.9649085604278,-3.0000076293945312,300,10625,13750,CASE_A6002A41125B,GM_DR_INV,Path_Biopsy.pdf,13,21,scanned,pathology,OK,False,False
981.4721006477006,32.97148876922439,85.14354055183028,255.0,215.26189453689838,0.0,300,10625,13750,CASE_A6002A41125B,GM_DR_INV,Path_Biopsy.pdf,14,21,scanned,pathology,OK,False,False
785.1832701672728,25.879493273923927,58.183955754084764,194.0,236.39967872,-3.0000076293945312,300,10625,13750,CASE_A6002A41125B,GM_DR_INV,Path_Biopsy.pdf,15,21,scanned,pathology,OK,False,False
982.2179499122994,33.28640156842446,76.858367206296,252.0,222.4992876012834,-1.0,300,10625,13750,CASE_A6002A41125B,GM_DR_INV,Path_Biopsy.pdf,16,21,scanned,pathology,OK,False,False
907.2225332568984,30.026442984974775,73.88582703402372,253.0,225.71465165347593,-3.0000076293945312,300,10625,13750,CASE_A6002A41125B,GM_DR_INV,Path_Biopsy.pdf,17,21,scanned,pathology,OK,False,False
360.12745591101606,11.838176002054544,44.88514135706959,54.0,244.90022293219252,0.0,300,10625,13750,CASE_A6002A41125B,GM_DR_INV,Path_Biopsy.pdf,18,21,scanned,pathology,OK,False,False
1027.516292681925,34.85468804629311,78.91276838585736,253.0,220.45673795764705,0.0,300,10625,13750,CASE_A6002A41125B,GM_DR_INV,Path_Biopsy.pdf,19,21,scanned,pathology,OK,False,False
788.1318088966844,26.163049124766797,75.86740085185171,255.0,224.9314548568984,-6.0,300,10625,13750,CASE_A6002A41125B,GM_DR_INV,Path_Biopsy.pdf,20,21,scanned,pathology,OK,False,False
270.575056468877,9.024128431420298,38.55201074442139,6.0,247.56920591058824,-1.0,300,10625,13750,CASE_A6002A41125B,GM_DR_INV,Path_Biopsy.pdf,21,21,scanned,pathology,OK,False,False
207.22171389262033,8.49103930883352,46.76925028691556,100.0,242.3506132397861,-3.0000076293945312,300,10625,13750,CASE_F46FEDF39945,GM_XM_INV,Imaging_External.pdf,1,4,scanned,radiology,OK,False,False
265.25414564278077,10.525334949503899,48.122554876042244,125.0,241.30089816983957,-1.0,300,10625,13750,CASE_F46FEDF39945,GM_XM_INV,Imaging_External.pdf,2,4,scanned,radiology,OK,False,False
116.04533004320855,4.308154411455252,28.95364627219481,5.0,250.2068611764706,-1.0,300,10625,13750,CASE_F46FEDF39945,GM_XM_INV,Imaging_External.pdf,3,4,scanned,radiology,OK,False,False
67.28542229903744,1.6749672471000634,23.91242982242958,0.0,252.55732581989304,0.0,300,10625,13750,CASE_F46FEDF39945,GM_XM_INV,Imaging_External.pdf,4,4,scanned,radiology,OK,True,True
204.78429794566844,8.441409513396378,45.85942237609006,95.0,242.72209800898395,-3.0000076293945312,300,10625,13750,CASE_55C9B5552CC4,GM_XM_INV,Imaging_External2.pdf,1,4,scanned,radiology,OK,False,False
265.26765483122995,10.525091925095243,48.121994011034175,125.0,241.301458686631,-1.0,300,10625,13750,CASE_55C9B5552CC4,GM_XM_INV,Imaging_External2.pdf,2,4,scanned,radiology,OK,False,False
119.05800263187166,4.383322703080735,29.166104081771756,6.0,250.14965352042782,-1.0,300,10625,13750,CASE_55C9B5552CC4,GM_XM_INV,Imaging_External2.pdf,3,4,scanned,radiology,OK,False,False
67.28994588748662,1.674902896539578,23.912622087189852,0.0,252.55732041240643,0.0,300,10625,13750,CASE_55C9B5552CC4,GM_XM_INV,Imaging_External2.pdf,4,4,scanned,radiology,OK,True,True
431.0150403559358,13.24148045611557,55.234501204494904,179.0,238.5227368521925,-2.0000076293945312,300,10625,13750,CASE_485825FC921D,GM_XM_INV,Imaging_External3.pdf,1,3,scanned,radiology,OK,False,False
369.8692071084492,11.788548730143283,46.488420539457465,107.0,242.71494261048127,0.9999923706054688,300,10625,13750,CASE_485825FC921D,GM_XM_INV,Imaging_External3.pdf,2,3,scanned,radiology,OK,False,False
66.61205977668449,1.6333364210674903,26.14918402415409,0.0,252.11816347379678,-1.0,300,10625,13750,CASE_485825FC921D,GM_XM_INV,Imaging_External3.pdf,3,3,scanned,radiology,OK,True,False
256.4169834233155,14.073730908727885,72.16147677991503,239.0,179.64376746438504,-5.000007629394531,300,10625,13750,CASE_0744DE1058D8,GM_XM_INV,Path_Biopsy.pdf,1,2,scanned,pathology,OK,False,False
70.66996286973261,1.7013332026248829,30.227571578527623,0.0,251.16750610481284,-1.0,300,10625,13750,CASE_0744DE1058D8,GM_XM_INV,Path_Biopsy.pdf,2,2,scanned,pathology,OK,False,False
147.45868882139038,8.217053093844651,74.82639184281243,246.0,175.36461442737968,-7.0,300,10625,13750,CASE_916A12122217,GM_XM_INV,Path_Biopsy2.pdf,1,2,scanned,pathology,OK,False,False
70.49808430545454,1.6965692576894889,30.215230932097473,0.0,251.1710392812834,-1.0,300,10625,13750,CASE_916A12122217,GM_XM_INV,Path_Biopsy2.pdf,2,2,scanned,pathology,OK,False,False
164.37092669604277,10.008002153626498,69.97336758942895,238.0,178.48425490481284,-5.000007629394531,300,10625,13750,CASE_C76A26C31C99,GM_XM_INV,Path_Biopsy3.pdf,1,2,scanned,pathology,OK,False,False
70.6059102459893,1.7003250830451648,30.221923921163302,0.0,251.16886697069518,-1.0,300,10625,13750,CASE_C76A26C31C99,GM_XM_INV,Path_Biopsy3.pdf,2,2,scanned,pathology,OK,False,False
186.89918496855614,7.459520637294433,45.144377944930916,80.0,243.53588571721926,-1.0,300,10625,13750,CASE_5044A2F3F950,TM_FS_DCIS,Imaging_External1.pdf,1,3,scanned,radiology,OK,False,False
269.3984712419251,10.651419972384762,45.70150840591652,107.0,242.3050816,-3.0000076293945312,300,10625,13750,CASE_5044A2F3F950,TM_FS_DCIS,Imaging_External1.pdf,2,3,scanned,radiology,OK,False,False
67.07510975657755,1.6798136669090584,23.750671831301986,0.0,252.58598356192513,0.0,300,10625,13750,CASE_5044A2F3F950,TM_FS_DCIS,Imaging_External1.pdf,3,3,scanned,radiology,OK,True,True
189.82501121368983,7.5173086744509705,46.05049514695578,86.0,243.17365978352942,-2.0000076293945312,300,10625,13750,CASE_42144997CDCF,TM_FS_DCIS,Imaging_External2.pdf,1,3,scanned,radiology,OK,False,False
271.5259137095187,10.70520186452828,45.78538164670137,107.0,242.26622535871658,-3.0000076293945312,300,10625,13750,CASE_42144997CDCF,TM_FS_DCIS,Imaging_External2.pdf,2,3,scanned,radiology,OK,False,False
67.32650044235294,1.6862840936477785,23.767961935599867,0.0,252.5820386909091,0.0,300,10625,13750,CASE_42144997CDCF,TM_FS_DCIS,Imaging_External2.pdf,3,3,scanned,radiology,OK,True,True
261.78186218096255,10.956783713005212,48.90096399057802,130.0,240.25741421518717,-6.0,300,10625,13750,CASE_1C21AF09F36B,TM_FS_DCIS,Imaging_External3.pdf,1,3,scanned,radiology,OK,False,False
182.06889430930482,7.040765383598349,36.27772933388472,29.0,247.1900720462032,-1.0,300,10625,13750,CASE_1C21AF09F36B,TM_FS_DCIS,Imaging_External3.pdf,2,3,scanned,radiology,OK,False,False
67.34735891165775,1.6886468102501169,23.778048786552688,0.0,252.57967779593582,0.0,300,10625,13750,CASE_1C21AF09F36B,TM_FS_DCIS,Imaging_External3.pdf,3,3,scanned,radiology,OK,True,True
233.3807844346524,9.10351985618782,50.478718662442155,137.0,240.73445326716578,-1.0,300,10625,13750,CASE_3171A2CC63AC,TM_FS_DCIS,Path_Biopsy1.pdf,1,3,scanned,pathology,OK,False,False
184.13676678160428,7.64759333967073,36.045926379341395,47.0,246.59987067208556,-3.0000076293945312,300,10625,13750,CASE_3171A2CC63AC,TM_FS_DCIS,Path_Biopsy1.pdf,2,3,scanned,pathology,OK,False,False
67.56612714780749,1.697329692744451,23.804288852988254,0.0,252.57318621090909,0.0,300,10625,13750,CASE_3171A2CC63AC,TM_FS_DCIS,Path_Biopsy1.pdf,3,3,scanned,pathology,OK,True,True
273.7696294057754,12.5020821572245,48.54841229804642,130.0,239.4525596680214,-3.0000076293945312,300,10625,13750,CASE_21B5E0FE5846,KP_MM_INV,Imaging_External1.pdf,1,3,scanned,radiology,OK,False,False
92.22376620491978,3.1909339652852053,27.275762703557586,0.0,251.0764632641711,0.0,300,10625,13750,CASE_21B5E0FE5846,KP_MM_INV,Imaging_External1.pdf,2,3,scanned,radiology,OK,False,False
70.39620528598931,1.7547824536182528,24.106505907021738,0.0,252.51247689925134,-1.0,300,10625,13750,CASE_21B5E0FE5846,KP_MM_INV,Imaging_External1.pdf,3,3,scanned,radiology,OK,False,False
479.7188187037433,15.415199198652227,60.69572377012683,238.0,237.147960662246,-2.0000076293945312,300,10625,13750,CASE_4C5F26AE7624,KP_MM_INV,Imaging_External2.pdf,1,2,scanned,radiology,OK,False,False
174.9549004526203,5.820775113263714,32.5691182717716,0.0,249.9187574964706,-2.0000076293945312,300,10625,13750,CASE_4C5F26AE7624,KP_MM_INV,Imaging_External2.pdf,2,2,scanned,radiology,OK,False,False
162.69094958545455,9.299488145806281,41.03076370512204,90.0,240.33809413475936,-2.0000076293945312,300,10625,13750,CASE_A94DEB44131F,KP_MM_INV,Path_Biopsy.pdf,1,6,scanned,pathology,OK,False,False
188.07668029604278,12.166823195858928,41.21686802747439,100.0,238.48447239529412,0.0,300,10625,13750,CASE_A94DEB44131F,KP_MM_INV,Path_Biopsy.pdf,2,6,scanned,pathology,OK,False,False
128.43509119315507,7.062586551159266,38.54258701934,68.0,242.32231715593582,-1.0,300,10625,13750,CASE_A94DEB44131F,KP_MM_INV,Path_Biopsy.pdf,3,6,scanned,pathology,OK,False,False
209.28355464898397,11.083436565200229,51.533195527854076,165.0,233.98809195465242,0.9999923706054688,300,10625,13750,CASE_A94DEB44131F,KP_MM_INV,Path_Biopsy.pdf,4,6,scanned,pathology,OK,False,False
157.27906153411766,5.96467839312325,44.75948447314552,61.0,241.3939440735829,-2.0000076293945312,300,10625,13750,CASE_A94DEB44131F,KP_MM_INV,Path_Biopsy.pdf,5,6,scanned,pathology,OK,False,False
67.65883977925134,1.6928948064234002,23.760547942196357,0.0,252.58342378096256,0.0,300,10625,13750,CASE_A94DEB44131F,KP_MM_INV,Path_Biopsy.pdf,6,6,scanned,pathology,OK,False,True
415.3589517142246,13.674614812646338,54.66098540351517,166.0,240.58810041497327,0.9999923706054688,300,10625,13750,CASE_A4259E4FAB3F,GP_MC_INV,Imaging_External1.pdf,1,2,scanned,radiology,OK,False,False
79.48460085390374,2.5554312257905583,25.6663749917998,0.0,252.03205235679144,1.9999923706054688,300,10625,13750,CASE_A4259E4FAB3F,GP_MC_INV,Imaging_External1.pdf,2,2,scanned,radiology,OK,False,False
416.61333913326206,13.727552370044952,54.82863544205667,169.0,240.49942968812834,1.9999923706054688,300,10625,13750,CASE_0D93B35B5604,GP_MC_INV,Imaging_External2.pdf,1,2,scanned,radiology,OK,False,False
76.02798234695187,2.4438209941383593,25.57431056053807,0.0,252.069149268877,1.9999923706054688,300,10625,13750,CASE_0D93B35B5604,GP_MC_INV,Imaging_External2.pdf,2,2,scanned,radiology,OK,False,False
305.1895352265241,10.211206794816754,40.31837676452991,10.0,246.8896421647059,-2.0000076293945312,300,10625,13750,CASE_AA7750187745,GP_MC_INV,Imaging_External3.pdf,1,2,scanned,radiology,OK,False,False
73.19506920727272,2.3202672531136064,24.138018277858805,0.0,252.36384211508022,1.9999923706054688,300,10625,13750,CASE_AA7750187745,GP_MC_INV,Imaging_External3.pdf,2,2,scanned,radiology,OK,False,False
351.39926006417113,11.186277950988288,55.81844101911067,182.0,240.44880433967916,0.0,300,10625,13750,CASE_920BBBDDD84A,GP_MC_INV,Imaging_External4.pdf,1,2,scanned,radiology,OK,False,False
24.52818787935829,0.8173115026335857,12.919284132082192,0.0,254.21821961582887,0.0,300,10625,13750,CASE_920BBBDDD84A,GP_MC_INV,Imaging_External4.pdf,2,2,scanned,radiology,OK,True,True
348.3912438690909,11.092854976404027,56.080296439881565,187.0,240.3470126340107,-1.0,300,10625,13750,CASE_25E3464D0805,GP_MC_INV,Imaging_External5.pdf,1,1,scanned,radiology,OK,False,False
647.7598652372193,16.612642853176492,61.409481470942985,247.0,237.34048921326203,0.0,300,10625,13750,CASE_E8983FFA0D48,GP_MC_INV,Imaging_Internal_Review.pdf,1,4,scanned,radiology,OK,False,False
302.3632128,8.489634781858754,56.03137262422174,160.0,240.1454301090909,3.0,300,10625,13750,CASE_E8983FFA0D48,GP_MC_INV,Imaging_Internal_Review.pdf,2,4,scanned,radiology,OK,False,False
653.793078951016,16.63002810159418,61.99183473431009,249.0,236.99115288641713,-3.0000076293945312,300,10625,13750,CASE_E8983FFA0D48,GP_MC_INV,Imaging_Internal_Review.pdf,3,4,scanned,radiology,OK,False,False
145.73451740406418,3.9192100304071076,35.8474622526228,0.0,249.15167247058824,-5.000007629394531,300,10625,13750,CASE_E8983FFA0D48,GP_MC_INV,Imaging_Internal_Review.pdf,4,4,scanned,radiology,OK,False,False
268.79622426010695,10.688007999253598,57.1587222864696,191.0,236.8009241257754,0.0,300,10625,13750,CASE_1BF7C0D35B3C,GP_MC_INV,Path_Biopsy.pdf,1,5,scanned,pathology,OK,False,False
261.70159166973264,11.42819493869683,47.493170236945566,132.0,240.67825550374332,-5.000007629394531,300,10625,13750,CASE_1BF7C0D35B3C,GP_MC_INV,Path_Biopsy.pdf,2,5,scanned,pathology,OK,False,False
328.91683790716576,14.890698685642782,49.22773950980242,149.0,238.08726868192514,0.9999923706054688,300,10625,13750,CASE_1BF7C0D35B3C,GP_MC_INV,Path_Biopsy.pdf,3,5,scanned,pathology,OK,False,False
165.47693850010694,6.390220120526168,40.61831444416542,39.0,245.8191409831016,0.0,300,10625,13750,CASE_1BF7C0D35B3C,GP_MC_INV,Path_Biopsy.pdf,4,5,scanned,pathology,OK,False,False
54.41884321540107,1.40631506637754,17.6650065800159,0.0,253.609354068877,-1.0,300,10625,13750,CASE_1BF7C0D35B3C,GP_MC_INV,Path_Biopsy.pdf,5,5,scanned,pathology,OK,True,True
519.5238033249198,18.022269188059575,55.680899876872985,181.0,239.31844563508022,-3.0000076293945312,300,10625,13750,CASE_086B9CCC2862,GP_MC_INV,Path_biopsy2.pdf,1,2,scanned,pathology,OK,False,False
58.76426646588235,1.9299245308037893,20.633685784859146,0.0,253.04464398374333,0.9999923706054688,300,10625,13750,CASE_086B9CCC2862,GP_MC_INV,Path_biopsy2.pdf,2,2,scanned,pathology,OK,True,True
562.2440476474866,15.027879477484085,57.933627915454984,215.0,238.69543644406417,0.0,300,10625,13750,CASE_6955F215D7EC,GP_MC_INV,Path_Internal_review.pdf,1,2,scanned,pathology,OK,False,False
368.86425164663103,9.61832347314313,52.67446565645415,113.0,242.1427147020321,3.0,300,10625,13750,CASE_6955F215D7EC,GP_MC_INV,Path_Internal_review.pdf,2,2,scanned,pathology,OK,False,False
539.7267274746524,13.847211430045665,57.51866983180562,224.0,238.8524289368984,0.9999923706054688,300,10625,13750,CASE_68A6EDCA5953,AT_RW_INV,Imaging_Bmmg_Rus_external.pdf,1,2,scanned,radiology,OK,False,False
76.23563283165775,2.2065102546348467,43.00029044510445,0.0,246.77611836235295,0.0,300,10625,13750,CASE_68A6EDCA5953,AT_RW_INV,Imaging_Bmmg_Rus_external.pdf,2,2,scanned,radiology,OK,False,False
372.20775155679144,9.893213361858773,57.256023590052195,193.0,238.16318184727274,-3.0000076293945312,300,10625,13750,CASE_8D5B8DCA7422,AT_RW_INV,Imaging_dxmmg_external.pdf,1,2,scanned,radiology,OK,False,False
38.3764154455615,0.9589879421673396,22.571925413558965,0.0,252.83473599657754,0.9999923706054688,300,10625,13750,CASE_8D5B8DCA7422,AT_RW_INV,Imaging_dxmmg_external.pdf,2,2,scanned,radiology,OK,True,True
525.0759153214973,13.493346744007889,53.923017134201054,149.0,241.48194225967916,4.0,300,10625,13750,CASE_6F82C55FD5FF,AT_RW_INV,Imaging_internal_review.pdf,1,4,scanned,radiology,OK,False,False
610.1498150879145,15.875227194818367,64.55186996374238,253.0,235.07104390844918,-1.0,300,10625,13750,CASE_6F82C55FD5FF,AT_RW_INV,Imaging_internal_review.pdf,2,4,scanned,radiology,OK,False,False
499.583736662246,12.971096893377242,55.62907194165387,173.0,240.55232547593582,1.9999923706054688,300,10625,13750,CASE_6F82C55FD5FF,AT_RW_INV,Imaging_internal_review.pdf,3,4,scanned,radiology,OK,False,False
553.1235742802139,14.39967166364877,54.017291244912784,149.0,241.0977262340107,0.0,300,10625,13750,CASE_6F82C55FD5FF,AT_RW_INV,Imaging_internal_review.pdf,4,4,scanned,radiology,OK,False,False
413.7265918904813,10.845172469461193,58.682453285080335,236.0,238.93578687657754,1.9999923706054688,300,10625,13750,CASE_54B8A2C8FD5D,AT_RW_INV,Path_Biopsy.pdf,1,2,scanned,pathology,OK,False,False
470.84265176299465,12.088893005258218,54.788743662239135,153.0,240.97705307037432,0.0,300,10625,13750,CASE_54B8A2C8FD5D,AT_RW_INV,Path_Biopsy.pdf,2,2,scanned,pathology,OK,False,False
153.8997887315508,8.643109239185511,45.94640494141809,122.0,236.47012744213905,4.0,300,10625,13750,CASE_BBB1BD50A516,AT_RW_INV,Path_biopsy2.pdf,1,5,scanned,pathology,OK,False,False
191.72309235679145,10.992135935655398,44.820857311510856,109.0,236.04881108192512,-2.0000076293945312,300,10625,13750,CASE_BBB1BD50A516,AT_RW_INV,Path_biopsy2.pdf,2,5,scanned,pathology,OK,False,False
165.89214106695187,10.743211755017054,36.04042186494006,88.0,239.37668989946525,0.9999923706054688,300,10625,13750,CASE_BBB1BD50A516,AT_RW_INV,Path_biopsy2.pdf,3,5,scanned,pathology,OK,False,False
176.75959720385026,9.891026857116128,38.640850924339546,90.0,239.6278751144385,0.9999923706054688,300,10625,13750,CASE_BBB1BD50A516,AT_RW_INV,Path_biopsy2.pdf,4,5,scanned,pathology,OK,False,False
72.27111528042781,1.8322876200795029,24.34932966891294,0.0,252.4531896402139,0.0,300,10625,13750,CASE_BBB1BD50A516,AT_RW_INV,Path_biopsy2.pdf,5,5,scanned,pathology,OK,False,False
